,CODE,LOCATION,STATE,T_MIN,T_MAX,T_AVG,DO_MIN,DO_MAX,DO_AVG,PH_MIN,PH_MAX,PH_AVG,COND_MIN,COND_MAX,COND_AVG,BOD_MIN,BOD_MAX,BOD_AVG,N_MIN,N_MAX,N_AVG,FC_MIN,FC_MAX,FC_AVG,TC_MIN,TC_MAX,TC_AVG,RIVER
0,1492,YAMUNA AT YAMUNOTRI,UTTARAKHAND,3,3,3,8.6,8.6,8.6,7.2,7.2,7.2,52,52,52,,,,,,,,,,,,,YAMUNA
1,1493,YAMUNA AT HANUMANCHATTI,UTTARAKHAND,10,10,10,8.8,8.8,8.8,8.9,8.9,8.9,80,80,80,,,,,,,,,,,,,YAMUNA
2,1494,YAMUNA AT U/S OF LAKHWAR DAM,UTTARAKHAND,14,24,20,7.6,8.8,8.2,7.5,8.8,8.1,152,254,206,1,2.2,1.6,,,,92000,92000,92000,12,200000,80006,YAMUNA
3,1490,YAMUNA AT U/S DAK PATTHAR,UTTARAKHAND,15,24,19,8,8.6,8.4,8,8.4,8.2,99,203,135,1.8,2.6,2.3,,,,11000,11000,11000,110,54000,10984,YAMUNA
4,1553,"YAMUNA , U/S PAONTA SAHIB",HIMACHAL PRADESH,12,25,20,6.1,9,7.9,6.2,8.1,7.3,176,663,397,1,1.6,1.3,0,0.94,0.29,6,7800,689,16,23000,3142,YAMUNA
5,1554,"YAMUNA , D/S PAONTA SAHIB",HIMACHAL PRADESH,12,27,21,6.2,9,7.7,6.5,8,7.5,177,947,338,0.8,1.6,1.2,0,1.03,0.35,8,16,12,18,28,22,YAMUNA
6,1117,YAMUNA AT HATHNIKUND,HARYANA,,,,6.8,10.7,8.7,,,,,,,1,2,1.4,,,,1100,18000,7175,2000,68000,25260,YAMUNA
7,1496,"YAMUNA AT KALANAUR,  YAMUNA NAGAR",HARYANA,,,,6.6,11,8.5,,,,,,,1,3,1,,,,1800,18000,8380,1800,55000,25950,YAMUNA
8,1119,YAMUNA AT SONEPAT,HARYANA,,,,6.4,11.3,7.8,,,,,,,1,2,1.2,,,,2300,18000,9325,11000,49000,27200,YAMUNA
9,1120,YAMUNA AT WAZIRABAD,DELHI,,,,6.1,11.4,8.8,6.1,8.5,7.3,,,,1,3,2,,,,1100,1000000,165922,2200,4000000,418356,YAMUNA
10,1121,YAMUNA AT NIZAMUDDIN,DELHI,,,,0,5.4,2.7,7.2,8.5,7.9,,,,4,39,21.5,,,,100000,20000000000,1900000000,300000,20000000000,1900000000,YAMUNA
11,1375,YAMUNA AT OKHLA BRIDGE (INLET OF AGRA CANAL),DELHI,,,,0,3.9,2,7.2,8.5,7.9,,,,4,40,22,,,,100000,20000000000,1900000000,200000,20000000000,1900000000,YAMUNA
12,1497,YAMUNA AT MAZAWALI,UTTAR PRADESH,,,,0,3.5,1.5,,,,,,,2,24,12.9,,,,17000,800000000,210000000,23000,800000000,190000000,YAMUNA
13,2495,"YAMUNA AT KESIGHAT, VRINDAVAN",UTTAR PRADESH,17,35,26,2.1,5.2,3.8,7,7.4,7.3,,,,9,13.8,11.1,,,,21000,46000,32636,41000,84000,59909,YAMUNA
14,1123,YAMUNA AT MATHURA U/S,UTTAR PRADESH,,,,0.8,8.8,4.4,,,,,,,2,14,8.1,,,,2000,700000,226625,4000,3000000,808960,YAMUNA
15,2494,"YAMUNA AT VISHRAMGHAT, MATHURA",UTTAR PRADESH,17,35,26,2,5.3,3.6,7.2,7.6,7.3,,,,9.8,14.6,12.1,,,,31000,77000,43364,46000,200000,97000,YAMUNA
16,1124,YAMUNA AT MATHURA D/S,UTTAR PRADESH,,,,1.5,20,7,,,,,,,3,13,7.8,,,,200000,1000000,500000,400000,8000000,2434000,YAMUNA
17,1125,YAMUNA AT AGRA U/S,UTTAR PRADESH,,,,2.6,8.2,5.4,,,,,,,2,10,6.8,,,,7800,300000,197800,70000,5000000,2672000,YAMUNA
18,1126,YAMUNA AT D/S OF AGRA,UTTAR PRADESH,,,,1.6,21.1,6,,,,,,,4,15,9.7,,,,30000,900000,475000,100000,2000000,1303333,YAMUNA
19,2493,YAMUNA AT SHAHPUR,UTTAR PRADESH,17,35,25,1.8,5.8,4.3,7.1,7.9,7.4,,,,7.4,12.8,9.8,,,,17000,33000,25818,31000,54000,43364,YAMUNA
20,1498,YAMUNA AT BATESWAR,UTTAR PRADESH,,,,2.1,17.2,8,,,,,,,2,15,9,,,,1000000,1000000,1100000,27000,9000000,3084667,YAMUNA
21,1127,YAMUNA AT ETAWAH,UTTAR PRADESH,,,,4.3,15.6,8.7,,,,,,,1,14,7.4,,,,,,,100000,100000,110000,YAMUNA
22,1499,"YAMUNA AT JUHIKA B/C WITH CHANBAL, ETAWAH",UTTAR PRADESH,,,,4.1,14.7,9.4,,,,,,,1,7,4,,,,100000,100000,130000,23000,2000000,582000,YAMUNA
23,1069,YAMUNA AT ALLAHABAD D/S (BALUA GHAT),UTTAR PRADESH,21,31,25,6.3,8.2,7.2,7.6,8.3,8,268,1110,634,1.6,2.8,2.4,0.46,2.58,1.15,1300,1700,1533,2600,4000,3225,YAMUNA
24,1812,YAMUNA AT OKHLA AFTER MEETING OF SHAHDARA DRAIN,DELHI,,,,0,5.1,2.6,7.1,8.6,7.9,,,,6,113,59.5,,,,70000,20000000000,1900000000,100000,20000000000,2000000000,YAMUNA
25,2283,YAMUNA AT HAMIRPUR,UTTAR PRADESH,,,,5.6,10.5,8.5,,,,,,,,,,,,,,,,49000,49000,49000,YAMUNA
0,1867,"SATLUJ B/C WITH RIVER SPITI AT KHAB, DISTT.KINNAUR",HIMACHAL PRADESH,2,8,6,8.5,10.4,9.3,7.9,8.6,8.3,151,395,292,0.1,0.6,0.1,0.06,0.73,0.34,4,33,17,27,94,61,SATLUJ
1,2611,SATLUJ AT KHAB,HIMACHAL PRADESH,2,7,6,8.7,10.6,9.3,7.9,8.6,8.3,156,431,271,0.1,0.2,0.1,0.14,0.93,0.42,12,34,21,33,94,59,SATLUJ
2,1389,SATLUJ AT NEPTHA ZAKHAI,HIMACHAL PRADESH,6,11,8,8,9.8,8.8,7.6,8.4,8.2,73,352,225,0.1,0.3,0.2,0.12,0.93,0.41,21,49,33,79,220,139,SATLUJ
3,1086,SATLUJ AT U/S RAMPUR,HIMACHAL PRADESH,6,12,8,8,9.6,8.8,7.6,8.6,8.2,102,349,237,0.1,0.2,0.1,0.21,0.7,0.35,23,170,49,94,1600,344,SATLUJ
4,1087,SATLUJ AT D/S RAMPUR,HIMACHAL PRADESH,6,12,8,8,9.5,8.8,7.9,8.6,8.3,181,374,254,0.1,0.4,0.2,0.13,1.43,0.53,33,170,90,140,1600,438,SATLUJ
5,1013,SATLUJ AT U/S TATAPANI,HIMACHAL PRADESH,8,14,9,8.4,9.5,8.9,7.7,8.4,8.2,163,374,292,0.1,1,0.4,0.1,2.28,0.65,26,94,51,130,350,202,SATLUJ
6,1014,SATLUJ AT U/S SLAPPER,HIMACHAL PRADESH,7,22,13,7.8,11,9.6,7.6,8.5,8.2,108,292,221,0.1,0.4,0.1,0.3,1.44,0.58,27,130,59,130,350,244,SATLUJ
7,1015,SATLUJ AT D/S SLAPPER,HIMACHAL PRADESH,6,19,12,7.9,11.5,9.9,8.1,8.5,8.3,165,283,197,0.1,0.2,0.1,0.31,1.13,0.62,26,140,50,110,350,197,SATLUJ
8,1016,SATLUJ AT D/S BHAKHRA,HIMACHAL PRADESH,12,20,16,6.8,9.8,8.7,7.9,8.7,8.3,162,245,203,0.3,2.9,0.9,0.3,0.56,0.4,,,,,,,SATLUJ
9,1017,"SATLUJ AT 100M U/S OF HEADWORKS, NANGAL",PUNJAB,17,23,19,7.6,8.4,7.9,7.1,7.5,7.3,228,256,240,0,1,0.7,1.3,1.8,1.53,33,50,43,50,500,338,SATLUJ
10,1018,"SATLUJ AT 100M D/S ,NANGAL",PUNJAB,17,24,20,7.4,7.8,7.6,7.6,7.9,7.8,254,293,273,1.2,2.7,2,1.9,2.5,2.25,27,500,242,110,900,603,SATLUJ
11,1293,SATLUJ AT 1 KM. D/S OF ZENITH,PUNJAB,18,26,22,6,7.4,6.5,7.6,7.9,7.8,457,664,582,8,25,13.9,2.6,5.8,3.7,600,7000,3425,1300,11000,6275,SATLUJ
12,1814,SATLUJ AT D/S KIRATPUR SAHIB,PUNJAB,18,28,22,7.2,7.6,7.4,7.2,7.8,7.4,258,277,265,0.8,1.2,1,1.6,2.1,1.78,40,50,45,110,500,328,SATLUJ
13,1019,SATLUJ AT U/S HEAD WORKS ROPAR,PUNJAB,18,24,21,6.8,8,7.3,7.2,7.8,7.5,292,402,346,2,4.2,2.8,2,4.2,3.05,130,3000,1158,500,5000,2325,SATLUJ
14,1380,"SATLUJ AT D/S NFL, PUNJAB",PUNJAB,17,24,20,7.2,7.8,7.4,7.6,7.9,7.8,254,454,316,1.4,2,1.8,2.3,2.9,2.63,26,300,107,130,1100,558,SATLUJ
15,1690,SATLUJ AT U/S BUDHA NALLAH (UPPER),PUNJAB,16,24,20,6.8,7.4,7,7.1,7.5,7.4,288,374,329,1.6,2,1.8,2.2,3,2.75,50,2500,1488,500,3000,2125,SATLUJ
16,1020,"SATLUJ AT 100M D/S BUDHA NALA CONFL.,LUDHIANA",PUNJAB,16,28,22,4.2,4.2,4.2,6.9,7.9,7.2,352,619,497,14,27,18,5.4,10,6.8,30000,70000,55000,80000,100000,90000,SATLUJ
17,1021,"SATLUJ AT BOAT BDG. DHARM- KOTNAKODAR RD, JALANDHAR",PUNJAB,17,269,102,6,6.4,6.3,7.2,7.3,7.3,316,442,370,1.8,2.8,2.2,3.2,3.8,3.5,1100,10000,4050,2500,22000,9500,SATLUJ
18,1381,SATLUJ AT D/S EAST BEIN,PUNJAB,12,25,19,4,5.4,4.4,6.8,7.6,7.2,408,542,497,4.4,4.9,4.8,3.6,5.3,4.3,23000,35000,28750,50000,50000,50000,SATLUJ
19,1691,SATLUJ AT U/S HUSSANIWALA - H/W FEROZEPUR,PUNJAB,14,22,19,6.8,7.2,7,7.1,7.4,7.3,257,288,275,1.6,2.6,2.1,2.8,3.4,2.95,50,140,95,400,500,475,SATLUJ
20,1692,SATLUJ AT D/S HUSSANIWALA- H/W FEROZEPUR,PUNJAB,15,22,19,6.6,7,6.9,7.2,7.3,7.3,278,294,286,1.8,2.4,2.1,2.8,3.5,3.13,70,210,128,500,700,550,SATLUJ
21,1022,"SATLUJ AT BRIDGE HARIKE, AMRITSAR",PUNJAB,13,35,23,4.3,6,4.9,7,7.7,7.3,316,518,430,2.4,2.9,2.7,2.6,3.7,3.13,110,700,453,700,1300,1025,SATLUJ
0,1001,BEAS AT U/S MANALI,HIMACHAL PRADESH,2,12,6,7,9.8,8.7,6.6,9,7.8,50,116,89,0.1,0.8,0.2,0.21,1.21,0.48,13,70,26,34,280,103,BEAS
1,1002,BEAS AT D/S KULU,HIMACHAL PRADESH,3,14,9,8.1,9.7,8.6,7.1,8.2,7.8,64,156,105,0.1,8.7,0.9,0.13,1.71,0.61,26,180,88,220,920,417,BEAS
2,1003,BEAS AT D/S AUT,HIMACHAL PRADESH,3,15,9,8,10,8.9,6.9,8.2,7.6,47,148,93,0.1,0.4,0.2,0.09,1.72,0.52,22,79,52,130,350,204,BEAS
3,1004,BEAS AT U/S PANDON DAM,HIMACHAL PRADESH,6,16,13,7.9,10.2,8.8,7.4,8.3,7.9,58,177,107,0.1,0.3,0.2,0.12,0.95,0.55,26,49,39,110,280,190,BEAS
4,1005,BEAS AT EXIT OF TUNNEL DEHAL POWER HOUSE,HIMACHAL PRADESH,6,20,12,7.7,12.4,10.2,7.5,8.3,7.9,65,156,101,0.1,0.2,0.1,0.25,1.25,0.73,22,49,31,70,220,138,BEAS
5,1550,BEAS AT U/S MANDI,HIMACHAL PRADESH,9,20,15,7.4,10.7,9,7.4,8.4,8.1,73,182,132,0.1,0.3,0.2,0.25,1.69,0.81,26,70,43,110,350,217,BEAS
6,1006,BEAS AT D/S MANDI,HIMACHAL PRADESH,9,22,16,7.1,10.4,8.8,6.5,8.5,7.8,107,276,181,0.1,0.8,0.4,0.3,3.35,1.45,46,240,135,220,1600,597,BEAS
7,2604,BEAS AT D/S JAISINGHPUR,HIMACHAL PRADESH,9,30,18,6.6,9.4,8.3,7.6,7.8,7.7,144,369,282,0.2,3,1,0.05,0.83,0.5,,,,,,,BEAS
8,1007,BEAS AT D/S ALAMPUR,HIMACHAL PRADESH,9,26,18,6.5,9.6,8.3,7.3,9,8.3,140,350,279,0.2,1.6,0.7,0.07,0.81,0.51,,,,,,,BEAS
9,1008,BEAS AT D/S DEHRAGOPIPUR,HIMACHAL PRADESH,12,25,18,6.7,9.6,8.2,7.4,8.9,8.3,141,368,257,0.4,4,1,0.11,1.8,0.65,,,,,,,BEAS
10,1009,BEAS AT D/S PONG DAM,HIMACHAL PRADESH,5,25,18,3.8,9.7,7.3,6.7,8.8,7.6,158,230,188,0.4,1.2,0.6,0.09,1.03,0.48,,,,,,,BEAS
11,2601,BEAS AT D/S MANALI,HIMACHAL PRADESH,2,12,7,6.6,9.7,8.6,7.1,8.7,7.7,53,123,83,0.1,0.8,0.2,0.04,1.45,0.55,17,110,45,70,350,187,BEAS
12,2602,BEAS AT U/S KULLU,HIMACHAL PRADESH,3,13,8,6.1,9.8,8.5,7.4,8.4,7.8,49,163,97,0.1,0.2,0.2,0.13,1.56,0.64,33,170,74,140,920,311,BEAS
13,2603,BEAS AT D/S PANDOH DAM,HIMACHAL PRADESH,6,26,14,7.3,9.9,8.8,7.6,8.3,7.9,65,155,109,0.1,0.2,0.1,0.23,1.49,0.88,23,70,41,110,280,185,BEAS
14,1693,BEAS AT TALWARA H/W,PUNJAB,12,25,19,7.4,7.8,7.6,7,7.5,7.2,273,286,280,0.3,0.6,0.5,1.1,1.6,1.33,11,90,60,50,500,215,BEAS
15,1694,BEAS AT U/S PATHANKOT,PUNJAB,13,25,19,6.8,7.8,7.3,7.1,7.6,7.3,258,302,274,0.7,0.8,0.8,0.9,1.8,1.35,100,130,113,500,500,500,BEAS
16,1695,BEAS AT D/S PATHANKOT,PUNJAB,11,25,19,6.4,7.6,7,6.9,7.6,7.3,308,513,411,1,1.4,1.2,1.4,2.5,1.88,120,170,143,500,700,575,BEAS
17,1010,"BEAS AT MIRTHAL BRIDGE, GURDASPUR",PUNJAB,13,25,19,6.7,7.4,7.1,7.1,7.5,7.3,252,326,286,0.6,1,0.8,1.4,2.9,2.13,110,130,123,500,700,550,BEAS
18,1294,BEAS AT 1KM.D/S OF EFFL. DIS. PT AT MUKERIAN,PUNJAB,13,25,19,6.8,7.2,7,7,7.6,7.3,275,338,304,1.1,1.2,1.2,1.8,3,2.45,300,800,600,900,1300,1100,BEAS
19,1011,BEAS AT G.T.RD UNDER BDG. NR KAPURTHALA,PUNJAB,9,25,18,7.2,7.5,7.3,7,7.4,7.3,268,342,296,0.4,1.2,0.8,1,3.5,2.43,120,700,413,500,1200,875,BEAS
20,1696,BEAS AT U/S GOINDWAL,PUNJAB,10,25,18,6.6,7.4,7.1,7,7.6,7.2,280,331,301,0.5,1,0.7,1.8,3.4,2.8,130,600,360,600,1100,850,BEAS
21,1012,BEAS AT 100M D/S INDUST. DISCH. GOINDWAL,PUNJAB,9,25,18,6.8,7.4,7.2,7.2,7.5,7.4,272,356,302,0.6,1.4,0.9,1.9,5.1,3.5,210,900,578,900,1300,1100,BEAS
22,1697,"BEAS AT HARIKE,",PUNJAB,13,25,20,7,7.8,7.5,7,7.5,7.2,265,340,292,0.3,1,0.6,1.4,3,2.25,100,130,113,500,800,600,BEAS
0,1491,BHAGIRATHI AT GANGOTRI,UTTARAKHAND,8,8,8,8.6,8.6,8.6,8.4,8.4,8.4,94,94,94,,,,,,,,,,,,,GANGA
1,1484,ALKANANDA B/C MANDAKINI AT RUDRA PRAYAG,UTTARAKHAND,11,20,16,8.6,11.4,9.7,7.5,8.5,8,132,156,143,0.6,1,0.7,,,,5000,5000,5000,2300,7000,3867,GANGA
2,1485,MANDAKINI B/C ALKALNADA AT RUDRAPRAYAG,UTTARAKHAND,12,21,17,8,9.6,8.9,7.4,8.5,8.1,80,94,87,0.4,1.2,4.6,,,,1100,1100,1100,1100,200000,107033,GANGA
3,1486,ALKANANDA A/C MANDAKINI AT RUDRAPRAYAG,UTTARAKHAND,11,20,16,8.2,9.6,8.9,7.2,8.5,8,112,145,129,0.8,1,0.9,,,,,,,,,,GANGA
4,1487,ALKANANDA B/C TO BHAGIRATHI AT DEVPRAYAG,UTTARAKHAND,14,18,17,8.4,11.2,9.4,7.4,8.5,8.1,132,140,136,1,1.2,1.1,,,,200000,200000,160000,200000,200000,160000,GANGA
5,1488,BHAGIRATHI B/C WITH ALAKNANDA AT DEVPRAYAG,UTTARAKHAND,17,19,18,1.2,9.8,7,7.2,8.5,8.1,89,110,99,1.2,1.4,1.3,,,,17000,17000,17000,920,22000,7947,GANGA
6,1489,ALKANANDA A/C WITH BHAGIRATHI AT DEVPRAYAG,UTTARAKHAND,15,19,17,8.2,10.4,9,7.3,8.5,7.9,118,142,131,0.6,1.4,1.1,,,,,,,,,,GANGA
7,1060,GANGA AT RISHIKESH U/S,UTTARAKHAND,10,22,17,7.8,9.2,8.4,6.8,8.2,7.7,104,158,119,1,1.8,1.3,,,,,,,30,160,82,GANGA
8,2725,GANGA AFTER CONFL. OF RIVER SONG NEAR SATYANARAYAN TEMPLE D/S RAIWALA,UTTARAKHAND,13,28,22,0.6,8,6,7.2,8.8,7.8,214,619,388,1.6,12,6.2,,,,,,,300,1600,1375,GANGA
9,1061,GANGA AT HARIDWAR D/S,UTTARAKHAND,15,24,21,6,8.6,7.2,5.9,8.8,7.6,137,230,189,2.4,8.4,5.3,,,,,,,600,1600,1445,GANGA
10,2727,UPPER GANGA RIVER D/S ROORKEE,UTTARAKHAND,15,24,21,7.2,9.2,7.9,6.8,8.8,7.8,135,202,158,1.4,4.2,2.6,,,,,,,160,500,258,GANGA
11,1062,GANGA AT GARHMUKTESHWAR,UTTAR PRADESH,13,26,20,7,9.8,8.6,7.2,7.6,7.4,170,260,220,2.8,3.9,3.4,0.13,0.97,0.4,21,1700,920,1000,4800,2125,GANGA
12,2488,"GANGA U/S, ANOOPSHAHAR",UTTAR PRADESH,17,23,19,7.4,12.5,9.2,7,7.5,7.3,170,314,222,1.8,5.2,3.1,0,0.75,0.26,320,360,352,490,910,662,GANGA
13,2489,"GANGA D/S, ANOOPSHAHAR",UTTAR PRADESH,17,23,20,7.6,12,9.2,7,7.6,7.4,160,323,230,1.6,5.6,3.2,0,1.06,0.31,350,550,428,700,1000,822,GANGA
14,1145,GANGA AT NARORA (BULANDSAHAR),UTTAR PRADESH,17,23,20,8,10.2,9.3,7,7.5,7.3,180,270,216,1.9,4,2.6,0,0.69,0.29,360,840,595,810,1400,1103,GANGA
15,2490,"GANGA AT KACHHLA GHAT, ALIGARH",UTTAR PRADESH,17,24,20,8.2,9.8,9,7,7.8,7.4,180,300,251,0.5,3.8,2.7,0,0.8,0.33,350,920,732,700,1700,1317,GANGA
16,1063,GANGA AT KANNAUJ U/S (RAJGHAT),UTTAR PRADESH,16,31,25,6.6,11.3,8.6,7.6,8.4,8.1,18,492,108,3,4.8,4,0,3.36,1.09,900,28000,4673,2100,93000,24164,GANGA
17,1066,GANGA AT KANNAUJ D/S,UTTAR PRADESH,16,31,25,6.4,10.8,8.3,7.9,8.5,8.1,18,476,108,3.8,5.8,4.8,0,2.54,0.94,700,39000,6045,2000,100000,29191,GANGA
18,1146,GANGA AT BITHOOR (KANPUR),UTTAR PRADESH,16,31,25,6.4,11.6,8.7,7.4,8.8,8.2,23,499,105,2.6,5.7,4.1,0,2.32,0.76,700,28000,4845,2000,200000,17246,GANGA
19,1067,GANGA AT KANPUR U/S (RANIGHAT),UTTAR PRADESH,16,31,25,2.8,12.2,8.7,7.5,9.1,8.4,23,528,106,2.8,5.9,4.3,0,2.48,0.82,700,39000,6245,2800,200000,26691,GANGA
20,1068,GANGA AT KANPUR D/S (JAJMAU PUMPING STATION),UTTAR PRADESH,16,31,25,4.6,10.8,6.6,7.2,8.9,8.3,29,574,127,4.6,19.2,8.3,0,3.68,1.51,3900,93000,23927,64000,200000,111818,GANGA
21,1147,GANGA AT DALMAU (RAI BAREILLY),UTTAR PRADESH,16,25,20,6.8,8.8,7.7,7.7,8.1,7.9,159,361,240,3.1,3.8,3.5,0.78,0.9,0.84,4300,4900,4642,7000,8500,7883,GANGA
22,2498,"GANGA AT KALA KANKAR, RAEBARELI",UTTAR PRADESH,16,25,20,6.9,8.4,7.8,7.7,8.1,7.9,156,358,237,3.1,3.7,3.4,0.76,0.88,0.81,3900,4700,4400,6900,8200,7658,GANGA
23,1046,GANGA AT ALLAHABAD (RASOOLABAD),UTTAR PRADESH,20,30,24,4.4,9.3,7.4,7.7,8.5,8.2,310,699,459,2.6,8,5.6,0.71,2.2,1.16,2200,3500,3058,6000,9000,7583,GANGA
24,2487,"GANGA AT KADAGHAT, ALLAHABAD",UTTAR PRADESH,20,30,24,6.7,9.6,7.8,7.7,8.4,8.2,302,684,441,2.5,6.9,4.8,0.69,2.1,1.09,2100,2800,2600,3500,8000,4958,GANGA
25,1049,GANGA AT ALLAHABAD D/S (SANGAM),UTTAR PRADESH,20,30,25,4.7,8.7,7.1,7.7,8.4,8.2,300,798,511,2.7,7.3,5.1,0.78,2.66,1.26,3000,4000,3450,6000,12000,9500,GANGA
26,2485,"GANGA U/S, VINDHYACHAL, MIRZAPUR",UTTAR PRADESH,16,32,26,5.3,11.5,8.5,7.4,8.6,7.9,275,649,456,2.2,3.8,2.8,0.58,4.1,2.94,490,1100,813,2200,3500,2575,GANGA
27,2486,"GANGA D/S, MIRZAPUR",UTTAR PRADESH,16,32,27,5.2,10.8,7.8,7.3,8.5,7.8,276,654,460,3,4.3,3.3,1.52,5.7,4.09,1300,3100,2133,2800,5400,4058,GANGA
28,1070,GANGA AT VARANASI U/S (ASSIGHAT),UTTAR PRADESH,19,29,25,7.3,8.6,7.9,7.7,8.5,8.2,230,278,251,2.8,3.5,3.2,,,,5000,8000,6783,8000,94000,16467,GANGA
29,1071,GANGA AT VARANASI D/S (MALVIYA BRIDGE),UTTAR PRADESH,20,30,25,6.8,8.1,7.4,8,8.8,8.5,248,312,277,3.6,5.4,5,0,0.28,0.04,27000,33000,31667,34000,49000,45000,GANGA
30,1073,GANGA AT TRIGHAT (GHAZIPUR),UTTAR PRADESH,19,30,25,6.8,9.8,7.6,8.1,8.9,8.5,240,509,288,3.4,3.9,3.7,0,10,0.83,11000,23000,14167,14000,38000,19250,GANGA
31,2502,"SHUKRA TAL, MUZAFFARNAGAR, NEAR GANGA RIVER",UTTAR PRADESH,18,18,18,7.6,7.6,7.6,7.2,7.2,7.2,276,276,276,1.1,1.1,1.1,,,,90,90,90,150,150,150,GANGA
32,3036,SHUKRA TAL (GANGA),UTTAR PRADESH,,,,,,,7.9,8,8,350,399,375,,,,,,,14000,14000,14000,33000,33000,33000,GANGA
33,1074,"GANGA AT BUXAR,BIHAR",BIHAR,16,32,24,7.6,9.2,8.2,7.1,8.5,8,310,398,353,2.6,2.8,2.7,,,,1100,5000,2350,2800,16000,5700,GANGA
34,2551,"GANGA AT BUXAR, RAMREKHAGHAT",BIHAR,15,32,24,7.4,9,8.1,7.1,8.4,7.9,310,468,362,2.4,7.8,3.2,,,,3000,9000,6167,9000,24000,19500,GANGA
35,1077,"GANGA AT KHURJI, PATNA U/S",BIHAR,16,30,24,7.9,14.1,11.7,7.8,8.4,8,274,416,335,2.2,2.8,2.6,,,,1100,9000,2209,2400,16000,4164,GANGA
36,2556,"GANGA AT INDRAPURI, DEHRI ON SONE",BIHAR,14,35,24,7.5,8.4,8,7.6,8,7.8,226,735,310,2,2.8,2.5,,,,500,2200,960,1300,5000,2180,GANGA
37,2564,"GANGA  AT THE CONFLUENCE OF SONE RIVER DORIGANJ, CHAPRA",BIHAR,15,28,23,7.8,8.6,8.3,7.6,8.6,8,247,506,344,2.4,2.8,2.7,,,,170,3000,1406,2400,9000,4017,GANGA
38,2552,GANGA DARBHANGA GHAT AT PATNA,BIHAR,17,31,24,7.8,8.7,8.2,7.7,8.6,8.1,272,432,352,2.6,2.9,2.8,,,,3000,16000,7250,9000,24000,20750,GANGA
39,1079,GANGA AT PATNA D/S (GANGA BDG),BIHAR,17,31,24,7.8,8.6,8.2,7.8,8.4,8.1,276,426,358,2.6,3,2.8,,,,3000,9000,5167,9000,24000,15000,GANGA
40,2555,"GANGA AT PUNPUN, PATNA",BIHAR,16,30,24,7,8.1,7.7,7.6,8.2,7.9,306,738,411,2.4,2.8,2.6,,,,800,2400,1308,2200,16000,4000,GANGA
41,2553,GANGA AT FATUHA,BIHAR,16,31,24,7.8,8.8,8.3,7.8,8.4,8.1,271,436,344,2.4,2.8,2.6,,,,800,3000,1600,2200,9000,3750,GANGA
42,1817,GANGA AT MOKAMA (U/S),BIHAR,16,32,24,6.8,8.6,8,7.8,8.2,8,280,384,325,2.2,2.7,2.5,,,,800,5000,1840,900,16000,4430,GANGA
43,1815,GANGA AT MOKAMA (D/S),BIHAR,16,32,24,6.6,8.5,7.9,7.7,8.1,7.9,290,386,330,2.4,3,2.8,,,,1700,9000,5973,5000,24000,18636,GANGA
44,1818,GANGA AT MUNGER,BIHAR,15,32,24,7.5,8.6,8,7.6,8.1,7.9,299,354,329,2.4,2.8,2.6,,,,1100,5000,2067,2400,9000,4100,GANGA
45,2554,"GANGA AT SULTANGANJ, BHAGALPUR",BIHAR,14,32,24,7.6,8.6,8,7.7,8,7.9,310,362,336,2.4,2.7,2.6,,,,500,3000,1778,2400,16000,4278,GANGA
46,1819,GANGA AT BHAGALPUR,BIHAR,16,30,23,6.4,8.7,7.9,7.8,8.2,7.9,316,360,334,2.4,2.7,2.5,,,,1700,9000,4410,3500,24000,9200,GANGA
47,1816,GANGA AT KAHALGAON,BIHAR,16,29,23,7.5,8.7,8.1,7.8,8.2,7.9,296,368,330,2.4,2.9,2.7,,,,700,9000,3809,2200,24000,9564,GANGA
48,3113,GANGA AT D/S BUXAR NEAR GANGA BRIDGE,BIHAR,16,32,24,7.5,9.1,8.2,7.4,8.5,8,305,436,347,2.6,2.9,2.7,,,,1700,9000,3625,3000,24000,9000,GANGA
49,3114,GANGA RIVER NEAR DANAPUR,BIHAR,17,31,24,7.9,8.8,8.4,7.5,8.7,8.1,272,416,337,2.4,2.8,2.6,,,,1100,9000,2358,2200,24000,5417,GANGA
50,3115,GANGA RIVER AT BARH,BIHAR,16,29,23,7.8,8.6,8.2,7.8,8.1,8,310,386,331,2.4,2.7,2.6,,,,1100,3000,1780,2400,5000,3640,GANGA
51,3116,GANGA AT U/S MUNGER,BIHAR,15,31,24,7.6,8.6,8,7.7,8.1,7.9,298,349,322,2.4,2.7,2.5,,,,1100,3000,1767,2800,9000,4489,GANGA
52,3117,GANGA AT U/S SULTANGANJ,BIHAR,14,32,23,7.6,8.6,8.1,7.7,8.1,7.9,298,365,334,2.2,2.6,2.5,,,,800,9000,2438,2200,16000,5113,GANGA
53,3118,GANGA AT U/S BHAGALPUR,BIHAR,20,30,27,6.8,8,7.6,7.7,8,7.9,305,386,341,2.6,2.8,2.7,,,,1400,5000,2700,3000,16000,8000,GANGA
54,3122,"GANGA AT MALSALAMI, PATNA",BIHAR,17,30,24,7.8,8.8,8.2,7.7,8.5,8.1,272,418,341,2,2.9,2.6,,,,1100,5000,2233,2800,16000,5517,GANGA
55,3123,GANGA RIVER AT BARAHIA,BIHAR,22,30,26,7.4,8.4,7.9,7.7,8.1,7.9,312,348,328,2.2,2.7,2.5,,,,1100,5000,2175,2800,24000,8150,GANGA
56,1080,GANGA AT BAHARAMPORE,WEST BENGAL,21,33,27,6.1,10.7,7.6,7.1,8.5,7.8,198,350,281,1.4,5.8,3.4,0,1.33,0.57,900,200000,41817,1400,300000,59983,GANGA
57,2511,"NABADIP ON GANGA,GHOSHPARA NEAR MONIPURGHAT",WEST BENGAL,19,32,27,6.2,10.5,7.6,7.2,8.5,7.8,196,354,275,1.3,4.5,2.4,0,1.32,0.58,1700,90000,28975,2100,200000,48425,GANGA
58,2506,"TRIBENI ON GANGA, NEAR BURNING GHAT",WEST BENGAL,19,33,27,5.9,9.1,7.4,7.9,8.3,8.1,197,348,273,0.6,3.1,1.6,0.04,0.56,0.35,800,50000,12925,1100,90000,19792,GANGA
59,1054,GANGA AT PALTA,WEST BENGAL,21,33,28,5.4,10.5,7,7,8.5,7.8,194,381,288,1.4,4.7,3.1,0,1.27,0.64,14000,500000,156417,27000,900000,262250,GANGA
60,1472,GANGA AT SERAMPORE,WEST BENGAL,19,32,27,5.2,9.3,7,7.5,8.2,8,195,363,280,0.7,4.3,2.4,0.06,1.29,0.52,17000,200000,128667,30000,300000,162750,GANGA
61,1053,GANGA AT DAKSHINESWAR,WEST BENGAL,21,35,28,4.5,8.2,6.1,7.5,8.1,7.8,187,478,315,2.2,5.8,4.1,0.04,1.44,0.49,85000,3000000,493750,100000,5000000,1076667,GANGA
62,1471,GANGA AT HOWRAH-SHIVPUR,WEST BENGAL,18,32,27,4.5,9.7,6,6.8,8.3,7.8,226,389,306,1.4,4.3,2.9,0.08,1.08,0.46,20000,400000,131250,35000,700000,345417,GANGA
63,1470,GANGA AT GARDEN REACH,WEST BENGAL,20,33,27,4.2,10.4,6.2,7.3,8.4,7.9,215,392,312,1.5,5.2,3.3,0.06,1.34,0.57,40000,900000,198333,65000,3000000,590417,GANGA
64,1052,GANGA AT ULUBERIA,WEST BENGAL,19,34,27,3.5,8.1,5.5,7.5,8.2,7.8,233,402,331,1.2,5.2,3.3,0.16,1.04,0.45,4000,100000,30333,8000,200000,74500,GANGA
65,1469,GANGA AT DIAMOND HARBOUR,WEST BENGAL,21,32,28,4.7,7.9,6.7,7.2,8.2,7.9,225,6220,2448,0.7,5.4,2.4,0.12,0.88,0.41,2000,100000,25500,8000,200000,57417,GANGA
0,1851,MAHANADI AT SIHAWA,CHHATTISGARH,22,34,28,7.8,9.4,8.4,7.5,7.7,7.6,126,302,192,0.6,3.2,1.3,0.4,5.4,2,,,,11,350,82,MAHANADI
1,1264,MAHANADI AT RUDRI U/S AT DHAMTORI RESERVOIR,CHHATTISGARH,23,33,28,7.6,8.6,8.1,7.3,7.9,7.6,190,497,259,1,3.5,2,1.3,4.9,2.56,,,,14,900,218,MAHANADI
2,1099,MAHANADI AT U/S OF RAJIM,CHHATTISGARH,20,38,30,7.5,8.6,7.9,7.4,7.8,7.5,167,390,269,1.6,3.8,2.2,1.1,5.1,2.31,,,,26,900,148,MAHANADI
3,1852,"MAHANADI AT ARRANG, RAIPUR",CHHATTISGARH,21,32,28,7.2,8.4,7.9,7.8,7.8,7.8,235,434,289,1.6,3.8,2.5,1.1,5.15,2.61,,,,11,500,136,MAHANADI
4,1100,MAHANADI AT KHARAD,CHHATTISGARH,20,33,27,6,7.5,6.7,7.5,7.5,7.5,196,477,270,,,,0.06,1.6,1.31,,,,14,120,52,MAHANADI
5,1282,MAHANADI AT SHEORINARAYAN,CHHATTISGARH,20,30,27,5.6,6.5,6.1,7.5,7.5,7.5,312,470,366,,,,1.24,2.36,1.74,,,,20,28,23,MAHANADI
6,1467,MAHANADI A/C WITH RIVER MAND,CHHATTISGARH,20,32,28,6.3,7.8,7.1,7.5,7.5,7.5,203,333,237,,,,0.05,1.7,1.17,,,,15,126,41,MAHANADI
7,1101,MAHANADI AT INTERSTATE BOUNDRY,CHHATTISGARH,22,30,26,6.9,7.4,7.2,7.4,7.6,7.5,31,311,267,1,1,1,1.17,1.29,1.22,,,,39,460,166,MAHANADI
8,1281,MAHANADI AT HIRAKUD RSVR,ORISSA,20,33,27,6.2,8.3,7.3,7.3,8.3,7.9,134,220,179,1,1.8,1.3,0.05,2,0.74,130,1500,678,310,2400,1243,MAHANADI
9,1270,MAHANADI AT SAMBALPUR U/S,ORISSA,20,34,27,7.1,9.7,7.8,7.7,8.3,8,137,206,180,1.1,2.4,1.6,0.07,1.84,0.54,330,16000,2326,700,16000,3608,MAHANADI
10,1271,MAHANADI AT SAMBALPUR D/S,ORISSA,21,35,27,4,8.9,6.9,7.4,8.4,8,151,250,196,1.7,4.9,2.8,0.08,3.91,0.94,1300,200000,45775,3500,200000,64042,MAHANADI
11,2405,SAMBHALPUR FDS AT HUMA,ORISSA,22,32,28,6.1,8.9,7.3,6.9,8.4,8,144,212,185,1,3,1.8,0.04,2.92,0.72,580,17000,8857,840,35000,15395,MAHANADI
12,1272,MAHANADI D/S (A/C R. SONG SONEPUR U/S),ORISSA,22,36,29,7.1,9.6,8,0.2,8.3,7.3,136,237,186,0.9,2.3,1.5,0.12,2.12,0.57,130,2200,833,170,3500,1749,MAHANADI
13,1274,MAHANADI A/C WITH R.TEL (SONEPUR D/S),ORISSA,22,36,29,5.5,9.6,7.7,7.6,8.4,8.1,187,252,209,1.4,2.6,2,0.07,1.22,0.45,140,2400,1158,270,5400,2588,MAHANADI
14,1275,MAHANADI AT TIKARPADA,ORISSA,22,32,28,7.3,9.6,8.3,6.9,8.4,7.8,127,206,181,1,1.8,1.4,0.04,1.49,0.42,170,2800,1149,460,5400,2393,MAHANADI
15,1276,MAHANADI AT NARSINGHPUR,ORISSA,22,34,28,6.3,9.4,8,7.7,8.4,8.1,145,285,199,0.5,1.9,1.3,0.1,1.52,0.41,490,4600,1876,1100,9400,3567,MAHANADI
16,1277,MAHANADI AT CUTTACK U/S,ORISSA,23,40,29,7,10.3,8.2,7.4,8.3,8.1,141,281,189,1,2,1.5,0.05,1.11,0.32,140,9200,2004,470,11000,3256,MAHANADI
17,1278,MAHANADI AT CUTTACK D/S,ORISSA,24,39,30,6.8,9.1,7.7,6.8,8.4,8,142,246,189,1.6,3.9,2.5,0.02,0.95,0.38,13000,92000,32583,24000,200000,55417,MAHANADI
18,2409,CUTTACK FDS (SERUA) AT SANKHATRASA,ORISSA,21,38,29,5.9,11.9,7.9,7,8.4,8,148,243,196,1.4,3.6,2.5,0.05,1.12,0.42,7900,92000,21558,11000,200000,41333,MAHANADI
19,2406,MUNDALI(WATER INTAKE POINT OF BHUBANESWAR CITY,ORISSA,21,35,27,6.6,8.9,7.9,7.4,8.4,8.1,153,221,181,0.4,2.4,1.4,0.1,0.84,0.34,130,5400,1965,330,9200,3629,MAHANADI
20,2404,POWER CHANNEL D/S NEAR BURLA,ORISSA,20,31,27,5.6,8.5,7.1,7.5,8.4,8,122,219,174,1.2,2,1.7,0.04,1.68,0.45,80,1300,324,170,2800,888,MAHANADI
21,2407,PARADEEP U/S (BEFORE INDL ACTIVITY AT PARADEEP),ORISSA,22,35,30,6.3,8.9,7.7,7.3,8.4,8,155,18660,6572,0.8,2.6,1.5,0.36,1.75,0.81,330,13000,3223,2100,22000,6217,MAHANADI
22,1639,MAHANADI AT PARADEEPD/S,ORISSA,22,37,29,5.7,8.5,7.3,7.6,8.4,8.1,617,39030,18179,0.7,3.7,2.2,0.05,2.13,0.86,790,7000,2408,790,11000,4283,MAHANADI
0,1260,BRAHAMPUTRA AT KHERGHAT (A/C WITH DIBANG & DIHANG),ASSAM,18,25,22,4.2,10.8,7.6,6.9,7.6,7.3,76,198,131,0.6,2.6,1.7,0.11,0.27,0.18,0,730,61,360,1500,783,BRAHMAPUTRA
1,1030,BRAHAMPUTRA AT DIBRUGARH,ASSAM,17,25,21,5.7,9.1,7.6,6.8,7.6,7.2,83,222,130,0.7,3.1,1.7,0,0.21,0.12,0,700,91,360,2800,1133,BRAHMAPUTRA
2,1262,BRAHAMPUTRA AT NIMATIGHAT,ASSAM,17,28,23,5.4,7.7,6.5,6.7,7.8,7.2,85,210,137,0.6,2.5,1.5,0.1,2.1,0.31,0,910,106,300,2300,970,BRAHMAPUTRA
3,1526,BRAHMPUTRA AT DHENUKHAPAHAR,ASSAM,18,27,23,7.9,8.7,8.5,6.8,7.7,7.2,79,253,152,0.4,3.6,1.8,0.1,0.22,0.14,0,360,33,0,2000,919,BRAHMAPUTRA
4,1031,BRAHAMPUTRA AT PANDU,ASSAM,20,31,23,5.5,8.8,7.5,6.6,7.8,7.2,95,224,144,0.9,2.1,1.2,0.1,0.21,0.15,0,360,80,700,2000,1003,BRAHMAPUTRA
5,1299,BRAHAMPUTRA AT JOGIJHOGA NEAR BRIDGE,ASSAM,18,30,25,5.6,6.9,6.5,7.1,8.1,7.5,85,234,149,0.8,2,1.4,0.1,0.3,0.16,0,0,0,720,1500,973,BRAHMAPUTRA
6,2069,"BRAHMPUTRA NR WATER INTAKE POINT AT KACHARIGHAT, PANBAZAR, GUWAHATI",ASSAM,18,30,26,6.7,8.2,7.5,7,8,7.5,101,205,133,1.3,2.8,2,0.16,0.46,0.25,0,360,180,700,1400,980,BRAHMAPUTRA
7,2064,"BRAHMAPUTRA AT CHANDRAPUR, GUWAHATI",ASSAM,20,32,26,5.5,8,6.9,7,7.7,7.4,73,359,160,0.8,1,0.9,0.1,0.31,0.2,0,0,0,300,700,430,BRAHMAPUTRA
8,2067,"BRAHMPUTRA AT SUALKUCHI, DIST. KAMRUP",ASSAM,22,30,26,6.6,8.5,7.8,6.9,7.3,7.1,101,210,152,0.5,0.9,0.8,0.1,0.14,0.11,0,0,0,720,910,818,BRAHMAPUTRA
9,2066,BRAHMAPUTRA AT DHUBRI,ASSAM,20,31,27,6.5,7.2,6.8,7.2,7.6,7.5,67,198,125,0.7,2.6,1.6,0.1,0.22,0.16,0,360,90,360,1100,820,BRAHMAPUTRA
0,1312,"GODAVARI AT JAYAKWADI DAM, AURNAGABAD",MAHARASHTRA,20,38,28,5.6,7.6,6.7,8,9.2,8.5,433,1278,590,2.8,5.8,4,0,1.28,0.33,2,2,2,60,110,78,GODAVARI
1,2177,GODAVARI NR SOMESHWAR TEMPLE.,MAHARASHTRA,21,28,24,5.1,7,5.8,7,8.1,7.6,181,503,285,3,6,5.1,0.12,25.01,5.98,11,50,21,27,110,61,GODAVARI
2,2182,GODAVARI RIVER AT SAIKHEDA.,MAHARASHTRA,22,26,24,4.7,53,9.7,6.9,7.9,7.4,180,725,318,3,14,4.9,0,15.68,5.34,11,33,18,27,90,47,GODAVARI
3,2179,"GODAVARI RIVER AT HANUMAN GHAT, NASHIK CITY.",MAHARASHTRA,21,26,24,2.4,6.4,5.1,6.5,8,7.3,191,690,439,4,18,6.9,0.02,18.3,5.41,21,170,46,60,500,149,GODAVARI
4,2183,GODAVARI RIVER AT NANDUR- MADMESHWAR DAM.,MAHARASHTRA,20,27,25,1.5,6.6,5.7,6.9,8.7,7.5,210,490,312,3,20,5.5,0,15.05,5.14,9,26,15,25,110,47,GODAVARI
5,2181,"GODAVARI RIVER AT KAPILA- GODAVARI CONFL. PT, TAPOVAN.",MAHARASHTRA,23,28,25,1.1,6.3,4.1,7,8.1,7.4,243,786,523,4,40,12,0.09,37.08,13.71,11,220,62,50,500,158,GODAVARI
6,2180,GODAVARI NEAR TAPOVAN.,MAHARASHTRA,22,27,24,2.3,6.8,4.7,6.9,8.1,7.5,115,604,426,4,28,8.9,0.09,21.73,7.09,22,350,67,100,900,202,GODAVARI
7,1096,GODAVARI AT PANCHAVATI RAMKUND,MAHARASHTRA,21,25,24,3.2,6.3,5.1,6.8,8.1,7.4,231,758,407,4,10,6.1,0,16.44,5.39,21,110,39,40,350,134,GODAVARI
8,1211,GODAVARI AT NASIK D/S,MAHARASHTRA,21,26,24,3,6.4,5.3,6.9,8,7.4,201,713,407,2,12,6.5,0,18.08,6.31,13,140,34,27,500,116,GODAVARI
9,1095,"GODAVARI AT U/S OF GANGAPUR DAM,NASIK",MAHARASHTRA,22,28,26,3,6.9,6.2,7.1,8.3,7.6,143,271,192,3,4,3.1,0.04,5.95,1.81,8,21,12,11,60,32,GODAVARI
10,2160,"GODAVARI U/S OF AURANGABAD RESERVOIR, KAIGAON TOKKA NEAR KAIGAON BRIDGE.",MAHARASHTRA,20,37,27,5.3,7.1,6.6,7.8,9,8.2,437,1418,762,0.3,5.2,3.8,0,0.89,0.23,2,4,2,60,110,83,GODAVARI
11,2158,GODAVARI RIVER AT U/S OF PAITHAN AT PAITHAN INTAKE PUMP HOUSE AT JAYAKWADI .,MAHARASHTRA,20,38,28,5.7,7.5,6.8,8.1,9.1,8.5,416,588,518,3,5,3.6,0,0.99,0.25,2,4,2,70,90,81,GODAVARI
12,2159,GODAVARI RIVER AT D/S OF PAITHAN AT PATHEGAON BDG,MAHARASHTRA,20,38,28,3.4,7.1,6.1,7.8,9.3,8.6,464,1940,960,2.8,8.4,4.5,0,3.8,0.78,2,4,2,60,130,91,GODAVARI
13,2161,"GODAVARI AT JALNA INTAKE WATER PUMP HOUSE, SHAHABAD",MAHARASHTRA,27,35,29,4.9,7.5,6.6,7.4,8.5,8.1,544,2985,1027,2.8,8.3,4.1,0,2.85,0.55,2,2,2,40,130,82,GODAVARI
14,12,GODAVARI AT DHALEGAON,MAHARASHTRA,18,32,26,5.8,7.6,6.7,7.2,8.5,8,360,986,597,3.2,12.4,4.9,0,4.1,1.45,2,2,2,70,110,86,GODAVARI
15,1210,GODAVARI AT NANDED,MAHARASHTRA,28,30,30,4.5,7.2,6.4,7.8,8.6,8.1,360,946,565,2.4,6.6,4.3,0,3.3,0.87,2,2,2,50,140,87,GODAVARI
16,1209,GODAVARI AT RAHER,MAHARASHTRA,27,30,29,4.6,7.3,6.2,7.7,8.5,8.1,358,880,581,2.8,8,4.4,0,2.5,0.78,2,4,2,60,170,99,GODAVARI
17,2157,GODAVARI AT LATUR WATER INTAKE NR PUMP HOUSE AT DHAMEGAON.,MAHARASHTRA,22,30,27,6.5,7.4,7,7.8,8.8,8.2,308,1603,547,2.8,4.2,3.4,0,0.83,0.25,2,4,2,60,170,83,GODAVARI
18,2360,"GODAVARI AT BASARA, ADILABAD",ANDHRA PRADESH,28,30,29,6,6.6,6.3,7.1,8.2,7.7,223,760,517,1,3.8,1.8,0.2,3,1.2,5,92,36,80,410,265,GODAVARI
19,2361,"GODAVARI  AT MANCHERIAL, NR RLY BDG B/C OF RALLAVAGU",ANDHRA PRADESH,26,31,29,0,9.8,6.7,8,8.9,8.3,379,685,528,1.9,18,7,0,0.75,0.22,26,300,131,33,1700,517,GODAVARI
20,2362,"GODAVARI AT RAMAGUNDAM D/S, NR FCI INTAKE WELL, KARIMNAGAR",ANDHRA PRADESH,25,30,28,0,9.9,7,8,8.8,8.3,417,698,552,2,16,7.1,0,0.73,0.25,90,300,143,1600,1600,1600,GODAVARI
21,2363,"GODAVARI AT GODAVARIKHANI, NR BATHING GHAT, KARIMNAGAR",ANDHRA PRADESH,25,30,28,0,12.2,6.7,7.7,8.8,8.2,424,787,658,2.9,14,7.4,0,1.92,0.69,170,900,618,500,1600,1150,GODAVARI
22,2364,"GODAVARI AT RAMAGUNDAM U/S
, KARIMNAGAR",ANDHRA PRADESH,25,30,28,0,9.5,6.9,7.9,8.9,8.4,377,687,526,1.8,26,9.7,0,0.71,0.23,140,240,165,220,500,290,GODAVARI
23,2356,"GODAVARI D/S RAMANUGUNDAM,",ANDHRA PRADESH,24,30,28,0,7.5,4.6,7.6,8.3,8.1,436,717,583,0.1,14,6.4,0,0.9,0.43,140,300,180,500,900,600,GODAVARI
24,2365,"GODAVARI AT KAMALPUR U/S M/S AP RAYONS LTD. INTAKE WELL, WARANGAL",ANDHRA PRADESH,23,33,27,0,11.6,5.6,7.3,8.7,8.1,230,544,378,0.5,12,5.3,0,0.2,0.09,80,300,263,500,900,567,GODAVARI
25,2366,"GODAVARI AT KAMALPUR D/S AT M/S. AP RAYONS LTD. DISCHARGE POINT, WARANGAL",ANDHRA PRADESH,23,35,28,0,7.9,5.4,7.5,8.8,8,235,560,393,0.4,15,6.6,0,1.2,0.24,90,1600,382,500,1600,683,GODAVARI
26,13,GODAVARI AT MANCHERIAL,ANDHRA PRADESH,26,30,29,0,9.9,6.4,7.3,8.9,8.2,377,686,547,1.9,26,8.8,0,0.72,0.23,40,140,90,500,500,500,GODAVARI
27,2367,"GODAVARI AT BHADRACHALAM U/S BATHING GHAT, KHAMMAM",ANDHRA PRADESH,17,20,20,6.2,7.3,6.6,7.4,8.1,7.7,113,410,301,0.4,0.8,0.6,0.16,0.92,0.46,2,6,4,600,1700,1291,GODAVARI
28,2368,"GODAVARI AT BHADRACHALAM D/S BATHING GHAT, KHAMMAM",ANDHRA PRADESH,18,20,20,6.1,7.1,6.6,7,8,7.6,121,493,343,0.5,0.8,0.6,0.14,0.96,0.48,2,6,4,1100,2200,1509,GODAVARI
29,2369,"GODAVARI AT BURGAMPAHAD, KHAMMAM",ANDHRA PRADESH,19,20,20,4.5,6.5,5.6,6.6,7.8,7.2,410,680,562,0.6,3.6,2,0.46,1.24,0.75,2,6,5,1200,2700,1964,GODAVARI
30,2370,GODAVARI AT RAJAMUNDRY U/S OF NALLA CHANNEL,ANDHRA PRADESH,22,27,26,5.8,6.2,5.9,6.7,7.8,7.4,238,358,291,1,1.2,1.1,0.57,1.95,0.96,3,3,3,7,1100,535,GODAVARI
31,14,GODAVARI AT POLAVARAM,ANDHRA PRADESH,25,28,27,5.6,6.5,6.1,7.7,7.9,7.8,212,324,254,1,1.2,1.1,0.05,1,0.7,3,3,3,3,1100,507,GODAVARI
32,1218,"GODAVARI AT RAJAHMUNDRY
U/S",ANDHRA PRADESH,25,29,27,5.8,6.2,5.9,7.4,7.9,7.7,198,296,245,1,1.2,1,0.05,1.02,0.55,3,3,3,4,1100,570,GODAVARI
33,2371,GODAVARI AT RAJAMUNDRY D/S OF NALLA CHANNEL,ANDHRA PRADESH,21,28,25,5.4,6.2,5.9,6.7,7.9,7.4,252,410,313,1,1.2,1.1,0.57,1.29,0.99,3,4,3,11,2400,1424,GODAVARI
34,1219,"GODAVARI AT RAJAHMUNDRY
D/S",ANDHRA PRADESH,22,27,25,5.8,6.2,6,7,7.8,7.4,260,319,284,1,1.6,1.2,0.22,1.83,0.95,3,3,3,9,1100,687,GODAVARI
0,1194,KRISHNA AT MAHABALESHWAR DHOM DAM NEAR KOINA DAM,MAHARASHTRA,21,26,23,5.6,6.1,5.9,6.4,8.2,7.7,82,220,140,2.5,5.8,4.2,0.14,0.36,0.22,20,35,27,110,275,216,KRISHNA
1,1153,KRISHNA AT RAJAPUR WEIR,MAHARASHTRA,23,31,27,4.9,7.5,6.6,6.9,8.1,7.5,77,979,497,1.8,6.2,3.1,0,2.66,1.05,4,12,7,110,240,162,KRISHNA
2,36,"KRISHNA AT KRISHNA BDG, KARAD",MAHARASHTRA,21,25,23,4.9,5.6,5.3,6.5,8.2,7.7,118,442,205,5.4,8.8,6.8,0.16,0.38,0.25,200,275,246,1600,1800,1783,KRISHNA
3,1906,KRISHNA D/S OF ISLAMPUR,MAHARASHTRA,21,25,23,5.3,7.3,6.7,7,8.5,7.8,179,1722,456,2.4,24,4.9,0.46,17.2,2.62,4,12,6,130,220,154,KRISHNA
4,37,KRISHNA AT SANGLI,MAHARASHTRA,20,25,23,4.9,7.4,6.5,7,8.6,7.8,182,1925,774,2.2,6,3.2,0.26,11.9,2.34,2,12,6,110,220,149,KRISHNA
5,1310,"KRISHNA AT KURUNDWAD, KOLHAPUR",MAHARASHTRA,23,32,27,5.7,7.3,6.6,6.9,8.3,7.6,78,1286,556,2,5.4,3.6,0.45,3.98,1.56,4,9,7,130,220,163,KRISHNA
6,2187,KRISHNA AT KSHETRA MAHULI.,MAHARASHTRA,20,23,22,3.9,5.8,4.9,7.1,8.2,7.9,322,840,435,4.8,9.6,7.3,0.16,0.38,0.25,120,350,218,900,1800,1558,KRISHNA
7,2188,"KRISHNA AT KRISHNA-VENNA SANGAM, MAHULI",MAHARASHTRA,20,23,21,4.2,5.5,5,7.4,8.2,8,292,648,408,3.6,9.5,6.9,0.18,0.42,0.28,195,350,237,1600,1800,1717,KRISHNA
8,2190,KRISHNA RIVER AT WAI.,MAHARASHTRA,20,30,23,4.2,5.2,4.5,7.1,8.2,7.8,160,524,324,5.5,10.5,8,0.18,0.72,0.3,110,275,178,900,1800,1442,KRISHNA
9,1182,KRISHNA AT U/S OF UGARKHURD BARRAGE,KARNATAKA,21,31,26,4.5,8.4,6.6,7.6,9.1,8.5,200,1230,689,0.9,4.5,2.1,0,9.86,3.9,50,900,572,80,1600,1275,KRISHNA
10,1889,KRISHNA - ANKALI BRIDGE ALONG CHIKKODI KAGWAD ROAD,KARNATAKA,22,31,25,4.7,8.1,6.8,8,9.3,8.5,290,1000,668,1,3.9,1.9,0.88,11,6.02,34,900,619,300,1600,1418,KRISHNA
11,1181,KRISHNA AT D/S NARAYANPURA DAM,KARNATAKA,23,30,28,4.6,6.8,5.5,7.5,8.8,8.2,390,490,440,1,2.2,1.5,0,18.66,2.22,23,900,229,50,1600,565,KRISHNA
12,1170,KRISHNA AT D/S DEVASAGAR BDG.,KARNATAKA,26,33,30,6.4,7.4,7,7.7,9.6,8.3,,,,1,3,2.1,0.27,0.99,0.51,220,900,607,500,1700,1250,KRISHNA
13,1028,KRISHNA AT TINTINI BRIDGE,KARNATAKA,27,36,30,7,7.2,7.1,8,8.6,8.2,,,,1,2.8,1.3,0.15,1.05,0.58,50,220,118,90,500,307,KRISHNA
14,2781,KRISHNA AT D/S OF ALAMATTI DAM,KARNATAKA,24,29,28,4.8,6.8,5.6,7.5,9.3,8.2,390,530,460,1,2.8,1.7,0,1.27,0.58,30,900,355,70,1600,860,KRISHNA
15,1784,"KRISHNA AT THANGADI , MAHABOOBNAGAR",ANDHRA PRADESH,26,31,28,0,10.5,6.7,7.1,8.4,8,354,1080,766,0,24,8.8,0,4,0.63,80,170,102,100,900,341,KRISHNA
16,1175,"KRISHNA A/C TUNGABHADRA, SANGAMESHWARAM",ANDHRA PRADESH,23,34,28,6,6.8,6.3,7.6,8.1,7.9,280,410,372,2,2.8,2.4,1,4.8,2.35,100,210,138,940,1230,1086,KRISHNA
17,39,KRISHNA AT GADWAL BRIDGE,ANDHRA PRADESH,26,30,28,0,15,6.4,6.6,8.3,8,362,1085,762,2.1,22,8.4,0,3,0.52,50,300,117,50,900,277,KRISHNA
18,1465,"KRISHNA AT WADAPALLY A/C WITH R. MUSI, A.P.(SHIFTED FROM 1220)",ANDHRA PRADESH,27,29,28,5.4,6,5.7,7.8,8.8,8.3,353,912,587,1,6,3.3,1,3,1.53,10,100,36,90,255,150,KRISHNA
19,1786,"KRISHNA AT VEDADRI , GUNTUR",ANDHRA PRADESH,18,30,23,6.1,7.5,6.8,6.6,8.7,7.7,495,1174,667,0.5,0.6,0.5,0.1,0.71,0.4,2,7,5,1200,2200,1745,KRISHNA
20,1787,"KRISHNA AT AMARAVATI , GUNTUR",ANDHRA PRADESH,26,29,27,5.5,7.3,6.3,6.2,8.3,7.5,418,743,579,0.5,0.6,0.5,0.16,0.8,0.41,2,6,4,1100,2200,1409,KRISHNA
21,25,KRISHNA AT VIJAYWADA,ANDHRA PRADESH,17,28,22,5.8,7.5,6.6,7.2,8.2,7.7,425,713,564,0.5,0.6,0.5,0.12,0.8,0.44,2,6,4,1100,2700,1582,KRISHNA
22,3079,"D/S OF KRISHNA A/C WITH TREATED SEWAGE DISCHARGING FROM 10MLD STP LOCATED AT RAMALINGESHWARNAGAR, VIJAYAWADA,  KRISHNA",ANDHRA PRADESH,19,21,20,1.8,3.4,2.4,6.8,7,6.9,664,1734,1376,0.7,0.8,0.8,0.82,0.92,0.87,2,6,4,1200,2200,1833,KRISHNA
23,3083,"KRISHNA D/S OF SRISHAILAM, KURNOOL",ANDHRA PRADESH,23,35,28,5.8,6.2,6,7.6,8,7.8,320,852,419,1.2,2.5,1.8,0.05,1.2,0.5,100,180,129,940,2100,1281,KRISHNA
24,1782,"KRISHNA AT HAMSALA DEEVI , GUNTUR",ANDHRA PRADESH,18,24,21,4.5,7,5.6,6.8,7.9,7.4,446,14140,3647,0.5,0.8,0.6,0.15,0.8,0.47,2,6,4,1100,2200,1591,KRISHNA
0,1198,CAUVERY AT NAPOKULU BDG (D/S),KARNATAKA,22,28,25,5.9,8.1,6.9,6.6,8.2,7.4,38,80,59,1,2,1.1,0,0.07,0.05,36,1600,1231,230,1600,1336,CAUVERY
1,1195,CAUVERY AT KUSHAL NAGAR U/S (NEAR BAICHANAHALLI),KARNATAKA,24,29,26,6,8.1,7.1,7.1,8.6,7.7,55,170,105,1,2,1.1,0.07,0.2,0.12,260,1600,1303,1400,3500,1792,CAUVERY
2,33,"CAUVERY AT KRS DAM, BALAMURIKSHETRA",KARNATAKA,25,28,26,6.3,8,7.1,7.5,8.7,8.1,100,285,217,1,2,1.2,0.15,0.49,0.28,170,1600,1258,1100,1600,1525,CAUVERY
3,1386,CAUVERY AT D/S OF KAREKUARA,KARNATAKA,24,29,26,6.1,8.6,7.2,7.8,8.7,8.3,112,319,256,1,2,1.2,0.16,0.5,0.32,61,1600,1217,330,1600,1303,CAUVERY
4,1171,"CAUVERY AT SRIRANGA PATTANNA, D/S OF ROAD BDG",KARNATAKA,24,32,27,5.1,7.1,6.1,7.4,8.2,7.9,152,376,306,2,4,2.7,0.2,0.53,0.4,1600,4300,2150,1600,22000,6200,CAUVERY
5,34,CAUVERY AT SATHYAGALAM BDG,KARNATAKA,25,28,27,4.8,8.5,6.7,7.1,8.6,7.9,44,462,304,1,4,1.8,0.17,0.53,0.4,400,1600,1320,1600,8400,2258,CAUVERY
6,2773,CAUVERY AT BANNUR BRIDGE,KARNATAKA,26,30,27,5.7,72,11.8,7.3,8.7,7.9,270,426,365,1,3,1.9,0.33,0.6,0.46,270,1600,1282,1100,1700,1550,CAUVERY
7,2774,CAUVERY AT RANGANATHITTU,KARNATAKA,23,30,26,5.5,6.9,6.5,7.4,8.6,8,138,326,269,1,4,2,0.18,0.51,0.33,1600,3300,1792,1600,16000,4467,CAUVERY
8,50,CAUVERY AT METTUR,TAMILNADU,27,33,30,4.7,8.6,6.2,7.5,8.6,7.9,328,1479,477,0.3,2.9,1.1,0.07,0.29,0.17,110,170,136,210,330,275,CAUVERY
9,1322,CAUVERY AT 1KM. D/S OF BHAVANI RIVER CONFL.,TAMILNADU,24,32,28,2.6,7.1,5.4,7.6,8.3,7.9,346,550,431,0.1,2.2,1.1,0.04,0.6,0.2,130,210,156,260,400,312,CAUVERY
10,51,CAUVERY AT PALLIPPALAYAM,TAMILNADU,25,31,27,1.7,7.9,5.6,7.3,8.3,7.8,325,597,479,0.9,2.6,1.5,0.04,0.49,0.18,110,270,173,260,400,329,CAUVERY
11,1320,CAUVERY AT ERODE NEAR CHIRAPALAYAM,TAMILNADU,24,33,29,1.3,7.6,4.9,7.3,8.3,7.8,5,1361,527,0.3,15.3,3.5,0.03,0.8,0.19,130,11000,1342,270,22000,2554,CAUVERY
12,1323,CAUVERY AT VELORE NEAR KATTIPALAYAM,TAMILNADU,24,30,26,5.4,8.8,7.1,7.6,8.4,8,364,730,519,0.1,3.2,1.3,0.06,0.75,0.23,110,220,134,220,340,277,CAUVERY
13,3015,"CAUVERY AT PUGALUR, KARUR",TAMILNADU,26,37,30,5,8.6,6.8,7.3,8.3,7.9,448,946,672,0.2,3.8,1.2,0.03,0.31,0.19,110,220,162,270,390,312,CAUVERY
14,1324,CAUVERY AT MOHANUR NEAR PATTAIPALAYAM,TAMILNADU,24,29,26,2.8,9.2,5.9,7.4,8.4,7.9,385,798,548,0.4,6.5,1.8,0.02,1.17,0.27,110,260,153,220,390,318,CAUVERY
15,1451,CAUVERY AT THIRUMUKKUDAL- CONFL. PT.OF R. AMRAVAT,TAMILNADU,27,34,30,4.9,8.7,7.1,7.7,8.4,8.1,456,831,637,0.3,2,0.7,0.04,0.4,0.23,110,170,139,260,340,284,CAUVERY
16,31,CAUVERY AT MUSIRI,TAMILNADU,26,30,28,4.8,9,7,7.7,8.4,8,455,747,652,0.3,2.2,1.1,0.09,1.14,0.25,70,170,139,170,330,279,CAUVERY
17,3016,"CAUVERY AT PETTAIVAITHALAI, TRICHY",TAMILNADU,26,30,29,4.1,8.4,6.8,7.3,8.4,7.9,515,981,684,0.2,3.1,1.2,0.07,0.51,0.21,110,170,140,220,340,286,CAUVERY
18,1202,"CAUVERY AT TIRUCHIRAPPALLI
U/S",TAMILNADU,26,30,28,5.9,7.8,7.1,7.4,8.5,7.9,378,694,589,0,2.7,1.1,0.05,0.7,0.21,70,170,122,170,320,271,CAUVERY
19,1325,"CAUVERY AT TIRUCHIRAPPALLI
D/S",TAMILNADU,26,30,28,3.6,7.6,5.6,7,8.6,7.7,436,1041,820,0.3,10.6,2.1,0.02,0.98,0.23,110,330,179,260,700,376,CAUVERY
20,1203,"CAUVERY AT TRICHY,GRAND ANAICUT",TAMILNADU,26,30,28,2.9,7.6,5.5,7,8.2,7.7,406,1032,807,0.8,9,1.8,0.06,0.95,0.25,70,260,151,170,470,316,CAUVERY
21,1206,CAUVERY AT THANJAVUR,TAMIL NADU,20,31,27,4.7,8.2,6.9,7.8,8.4,8.2,358,1098,767,0.2,2.1,1,0.04,0.32,0.19,110,170,128,210,330,265,CAUVERY
22,3018,"CAUVERY AT MAYILADUTHURAI, NAGAPATTINAM",TAMILNADU,24,24,24,2.5,8.8,6.2,7.5,8.7,8,352,1686,722,0.1,1.9,0.8,0.03,0.94,0.27,110,270,142,170,390,246,CAUVERY
23,3012,"CAUVERY AT KOMARAPALAYAM, NAMAKA",TAMILNADU,25,32,28,3.1,7.5,5.3,7.5,8.3,7.8,338,574,480,0.1,9.3,2.5,0.08,0.58,0.21,110,330,162,220,490,322,CAUVERY
24,3013,"CAUVERY AT URRACHIKOTTAI, ERODE",TAMILNADU,27,29,28,4.1,8.3,6.5,6.9,8.5,7.8,163,424,340,0.2,2,0.9,0.03,0.31,0.16,110,170,130,210,330,279,CAUVERY
25,3014,"CAUVERY AT VAIRAPALAYAM, NAMAKAL",TAMILNADU,25,30,28,3.4,7,5.2,7.4,8.3,7.9,303,510,417,0.3,3.5,1.6,0.04,0.94,0.24,110,220,173,210,470,323,CAUVERY
26,3017,"CAUVERY AT KUMBAKONAM, THANJAVUR",TAMILNADU,22,32,28,5.8,8.4,6.7,7.5,8.4,8,403,674,571,0.5,2.5,1.2,0.06,0.27,0.18,80,140,119,170,330,252,CAUVERY
27,1326,CAUVERY AT COLEROON,TAMILNADU,28,32,31,5.6,8.5,7,7.3,8.9,8.2,521,41100,8300,0.1,1.7,0.8,0.05,0.67,0.21,2,210,73,2,340,148,CAUVERY
28,1327,CAUVERY AT PITCHAVARAM,TAMILNADU,27,33,31,1.3,7.7,4.9,7.3,9.1,8.3,524,6580,2122,0.5,21.9,3.6,0.04,1.25,0.31,2,1300,212,2,2200,379,CAUVERY
