RIVER,CODE,LOCATION,STATE,T_MIN,T_MAX,T_AVG,DO_MIN,DO_MAX,DO_AVG,PH_MIN,PH_MAX,PH_AVG,COND_MIN,COND_MAX,COND_AVG,BOD_MIN,BOD_MAX,BOD_AVG,N_MIN,N_MAX,N_AVG,FC_MIN,FC_MAX,FC_AVG,TC_MIN,TC_MAX,TC_AVG
BEAS,1001,BEAS AT U/S MANALI,HIMACHAL PRADESH,2.0,13.0,7.5,8.7,11.2,9.95,7.3,8.4,7.85,90.0,179.0,134.5,0.1,0.2,0.15,0.2,0.31,0.255,12.0,33.0,22.5,120.0,240.0,180.0
BEAS,4444,RIVER BEAS D/S OF WPF AT MANALI,HIMACHAL PRADESH,8.0,14.0,11.0,8.5,10.8,9.65,7.3,8.1,7.699999999999999,62.0,92.0,77.0,0.1,0.8,0.45,0.2,0.2,0.2,31.0,94.0,62.5,280.0,540.0,410.0
BEAS,4037,RIVER BEAS D/S MANALSU NALLAH,HIMACHAL PRADESH,2.0,13.0,7.5,8.9,10.9,9.9,7.0,8.3,7.65,68.0,135.0,101.5,0.1,1.0,0.55,0.1,0.1,0.1,20.0,32.0,26.0,120.0,280.0,200.0
BEAS,2601,BEAS AT D/S MANALI,HIMACHAL PRADESH,3.0,14.0,8.5,8.2,11.1,9.65,6.9,8.2,7.55,78.0,218.0,148.0,0.1,0.6,0.35,0.1,0.4,0.25,25.0,170.0,97.5,280.0,920.0,600.0
BEAS,2602,BEAS AT U/S KULLU,HIMACHAL PRADESH,5.0,15.0,10.0,7.6,11.5,9.55,7.0,8.6,7.8,63.0,149.0,106.0,0.1,0.4,0.25,0.1,0.2,0.15,25.0,70.0,47.5,220.0,540.0,380.0
BEAS,4445,RIVER BEAS D/S OF WPF AT KULLU,HIMACHAL PRADESH,9.0,13.0,11.0,7.8,11.1,9.45,7.5,8.0,7.75,73.0,122.0,97.5,0.3,1.4,0.85,0.2,0.4,0.3,40.0,94.0,67.0,350.0,540.0,445.0
BEAS,1002,BEAS AT D/S KULU,HIMACHAL PRADESH,6.0,13.0,9.5,7.8,11.3,9.55,7.4,8.4,7.9,66.0,341.0,203.5,0.2,0.8,0.5,0.03,0.36,0.195,39.0,110.0,74.5,220.0,920.0,570.0
BEAS,1003,BEAS AT D/S AUT,HIMACHAL PRADESH,6.0,15.0,10.5,8.7,11.0,9.85,7.3,8.1,7.699999999999999,50.0,141.0,95.5,0.1,0.4,0.25,0.1,0.13,0.115,26.0,94.0,60.0,150.0,430.0,290.0
BEAS,1004,BEAS AT U/S PANDOH DAM,HIMACHAL PRADESH,10.0,19.0,14.5,8.6,11.0,9.8,7.5,8.4,7.95,62.0,136.0,99.0,0.1,0.4,0.25,0.1,0.1,0.1,13.0,40.0,26.5,170.0,280.0,225.0
BEAS,2603,BEAS AT D/S PANDOH DAM,HIMACHAL PRADESH,9.0,24.0,16.5,7.2,11.3,9.25,7.2,8.1,7.65,74.0,149.0,111.5,0.1,0.4,0.25,0.1,0.2,0.15,22.0,110.0,66.0,240.0,350.0,295.0
BEAS,1005,BEAS AT EXIT OF TUNNEL DEHAL POWER HOUSE,HIMACHAL PRADESH,14.0,24.0,19.0,7.9,9.9,8.9,7.8,8.6,8.2,83.0,241.0,162.0,0.1,0.4,0.25,0.1,0.14,0.12,26.0,49.0,37.5,130.0,350.0,240.0
BEAS,1550,BEAS U/S MANDI,HIMACHAL PRADESH,7.0,22.0,14.5,7.1,10.2,8.649999999999999,7.7,8.4,8.05,73.0,159.0,116.0,0.1,0.2,0.15,0.1,0.2,0.15,17.0,27.0,22.0,120.0,280.0,200.0
BEAS,1006,BEAS AT D/S MANDI,HIMACHAL PRADESH,8.0,24.0,16.0,8.1,11.2,9.65,7.6,8.5,8.05,75.0,251.0,163.0,0.2,0.6,0.4,0.02,0.92,0.47,31.0,350.0,190.5,340.0,1600.0,970.0
BEAS,2604,BEAS AT D/S JAISINGHPUR,HIMACHAL PRADESH,8.5,16.0,12.25,9.0,10.5,9.75,7.4,8.6,8.0,129.0,340.0,234.5,0.1,0.5,0.3,0.5,1.3,0.9,2.0,6.0,4.0,39.0,170.0,104.5
BEAS,1007,BEAS AT D/S ALAMPUR,HIMACHAL PRADESH,8.5,14.0,11.25,9.0,10.3,9.65,7.5,8.1,7.8,122.8,290.0,206.4,0.1,0.5,0.3,0.47,1.41,0.94,2.0,6.0,4.0,47.0,150.0,98.5
BEAS,3855,"BEAS D/S NADAUN BRIDGE, VILL BHADOLI",HIMACHAL PRADESH,8.5,20.0,14.25,9.0,11.5,10.25,7.3,8.1,7.699999999999999,176.0,323.0,249.5,0.1,0.4,0.25,0.2,1.2,0.7,2.0,6.1,4.05,40.0,170.0,105.0
BEAS,1009,BEAS AT D/S PONG DAM,HIMACHAL PRADESH,11.5,16.0,13.75,8.3,9.4,8.850000000000001,7.18,7.9,7.54,105.0,196.0,150.5,0.1,0.4,0.25,0.22,1.14,0.6799999999999999,2.0,6.0,4.0,58.0,180.0,119.0
BEAS,1008,BEAS AT D/S DEHRAGOPIPUR,HIMACHAL PRADESH,7.3,18.0,12.65,7.9,9.5,8.7,7.25,8.0,7.625,114.0,326.0,220.0,0.1,0.5,0.3,0.39,0.98,0.685,2.0,40.0,21.0,48.0,170.0,109.0
BEAS,4435,RIVER BEAS U/S SUJANPUR TIHRA,HIMACHAL PRADESH,9.1,24.0,16.55,7.8,8.6,8.2,7.7,8.1,7.9,140.0,283.0,211.5,0.1,0.3,0.2,0.2,0.4,0.3,2.0,2.0,2.0,2.0,79.0,40.5
BEAS,4436,RIVER BEAS  D/S SUJANPUR TIHRA,HIMACHAL PRADESH,9.0,25.0,17.0,7.9,8.5,8.2,8.0,8.2,8.1,132.0,301.0,216.5,0.1,0.2,0.15,0.2,0.9,0.55,2.0,4.0,3.0,2.0,94.0,48.0
BEAS,4437,RIVER BEAS U/S NADAUM TOWN,HIMACHAL PRADESH,9.2,23.0,16.1,7.8,8.3,8.05,7.7,8.1,7.9,149.0,285.0,217.0,0.1,0.3,0.2,0.3,0.6,0.4499999999999999,2.0,6.0,4.0,70.0,120.0,95.0
BEAS,4438,"RIVER BEAS D/S NADAUN TOWN AFTER CONFLUENCE OF
MAAN KHAD",HIMACHAL PRADESH,9.1,26.0,17.55,7.7,9.6,8.65,7.2,8.0,7.6,206.0,290.0,248.0,0.1,0.3,0.2,0.3,0.9,0.6,2.0,7.0,4.5,79.0,130.0,104.5
BEAS,4443,RIVER BEAS AT  RAISON,HIMACHAL PRADESH,8.0,15.0,11.5,8.3,11.0,9.65,7.3,8.2,7.75,69.0,106.0,87.5,0.1,0.3,0.2,0.1,0.5,0.3,26.0,79.0,52.5,220.0,350.0,285.0
BEAS,30083,BEAS AT TALWARA  (PONG DAM),HIMACHAL PRADESH,21.1,21.1,21.1,8.7,8.7,8.7,8.0,8.0,8.0,214.0,214.0,214.0,,,,0.5,0.5,0.5,2.0,2.0,2.0,2.0,2.0,2.0
BEAS,30084,"BEAS AT  D/S CHANGARWA VILLAGE, (PUNJAB)",PUNJAB,26.0,26.0,26.0,8.9,8.9,8.9,8.0,8.0,8.0,215.0,215.0,215.0,,,,0.5,0.5,0.5,2000.0,2000.0,2000.0,13000.0,13000.0,13000.0
BEAS,1693,"BEAS AT TALWARA H/W,
PUNJAB",PUNJAB,15.0,25.0,20.0,6.3,9.2,7.75,7.3,7.9,7.6,158.0,260.0,209.0,1.0,1.1,1.05,0.1,0.4,0.25,31.0,46.0,38.5,70.0,94.0,82.0
BEAS,1694,"BEAS AT U/S PATHANKOT, PUNJAB",PUNJAB,15.0,28.0,21.5,7.5,8.8,8.15,7.6,8.1,7.85,224.0,280.0,252.0,1.0,1.4,1.2,0.1,0.6,0.35,33.0,140.0,86.5,79.0,280.0,179.5
BEAS,1010,"BEAS AT MIRTHAL BRIDGE, GURDASPUR",PUNJAB,15.0,28.0,21.5,7.3,9.1,8.2,7.4,8.0,7.7,240.0,280.0,260.0,1.0,1.4,1.2,0.1,0.4,0.25,26.0,110.0,68.0,70.0,170.0,120.0
BEAS,1695,"BEAS D/S PATHANKOT, PUNJAB",PUNJAB,15.0,27.0,21.0,7.3,8.6,7.949999999999999,7.7,8.3,8.0,210.0,300.0,255.0,1.0,1.7,1.35,0.3,0.8,0.55,94.0,490.0,292.0,170.0,790.0,480.0
BEAS,1294,"BEAS AT 1KM.D/S OF EFFL. DISH. POINT AT MUKERIAN ,
PUNJAB",PUNJAB,15.0,26.0,20.5,6.8,8.4,7.6,7.5,8.0,7.75,231.0,320.0,275.5,1.1,2.0,1.55,0.4,1.0,0.7,210.0,540.0,375.0,430.0,920.0,675.0
BEAS,4164,"BEAS RIVER, NR VILL KIRI AFGHANA, TEHSIL BATALA, GURDASPUR",PUNJAB,12.0,28.0,20.0,7.1,8.7,7.899999999999999,7.2,7.9,7.550000000000001,210.0,380.0,295.0,1.0,1.7,1.35,0.1,1.2,0.65,110.0,490.0,300.0,170.0,700.0,435.0
BEAS,1011,BEAS AT G.T.  ROAD UNDER BDG. NEAR KAPURTHALA,PUNJAB,14.0,27.0,20.5,7.2,9.4,8.3,7.5,8.0,7.75,202.0,310.0,256.0,1.0,1.6,1.3,0.1,1.0,0.55,84.0,630.0,357.0,170.0,940.0,555.0
BEAS,1012,BEAS AT 100M D/S INDUST. DISCH. GOINDWAL,PUNJAB,12.0,28.0,20.0,7.0,8.6,7.8,7.5,8.1,7.8,199.0,310.0,254.5,1.0,1.6,1.3,0.4,1.2,0.8,110.0,330.0,220.0,210.0,630.0,420.0
BEAS,1696,"BEAS U/S GOINDWAL, PUNJAB",PUNJAB,12.0,27.0,19.5,7.1,9.5,8.3,7.4,8.0,7.7,208.0,298.0,253.0,1.0,1.4,1.2,0.1,0.8,0.45,94.0,250.0,172.0,170.0,580.0,375.0
BEAS,1697,"BEAS AT HARIKE, PUNJAB",PUNJAB,13.0,33.0,23.0,7.4,8.9,8.15,7.2,8.2,7.699999999999999,204.0,318.0,261.0,1.0,1.4,1.2,0.4,1.0,0.7,110.0,350.0,230.0,210.0,540.0,375.0
SATLUJ,1867,"SUTLEJ RIVER B/C WITH RIVER SPITI AT KHAB,
DISTT.KINNAUR",HIMACHAL PRADESH,6.0,11.0,8.5,9.0,9.8,9.4,7.1,8.5,7.8,93.0,2574.0,1333.5,0.2,1.7,0.95,0.2,2.2,1.2000000000000002,1.0,17.0,9.0,7.0,170.0,88.5
SATLUJ,2611,SUTLEJ AT KHAB,HIMACHAL PRADESH,6.0,11.0,8.5,8.9,9.8,9.35,7.3,8.5,7.9,94.0,2763.0,1428.5,0.3,1.2,0.75,0.2,2.2,1.2000000000000002,1.0,33.0,17.0,47.0,1600.0,823.5
SATLUJ,3872,SUTLEJ RIVER D/S TIDONG HEP,HIMACHAL PRADESH,7.0,12.0,9.5,8.5,9.4,8.95,6.8,8.5,7.65,113.0,2705.0,1409.0,0.4,2.7,1.55,0.2,2.4,1.3,8.0,23.0,15.5,70.0,1600.0,835.0
SATLUJ,4448,RIVER SUTLEJ U/S CONFLUENCES OF RIVER TIDONG,HIMACHAL PRADESH,8.1,12.0,10.05,8.6,9.2,8.899999999999999,7.3,8.4,7.85,91.0,2793.0,1442.0,0.3,0.9,0.6,0.2,1.2,0.7,6.0,26.0,16.0,94.0,150.0,122.0
SATLUJ,4449,"RIVER SUTLEJ D/S CONFLUENCES OF RIVER
TIDONG",HIMACHAL PRADESH,8.2,12.0,10.1,8.5,9.0,8.75,6.9,8.5,7.7,93.0,2814.0,1453.5,0.4,0.8,0.6000000000000001,0.2,1.3,0.75,6.0,26.0,16.0,94.0,220.0,157.0
SATLUJ,4452,"RIVER SUTLEJ U/S CONFLUENCES OF RIVER
BASPA",HIMACHAL PRADESH,9.0,9.0,9.0,8.5,8.5,8.5,8.1,8.1,8.1,2630.0,2630.0,2630.0,0.4,0.4,0.4,1.3,1.3,1.3,14.0,14.0,14.0,94.0,94.0,94.0
SATLUJ,4453,"RIVER SUTLEJ D/S CONFLUENCES  OF RIVER
BASPA",HIMACHAL PRADESH,10.0,10.0,10.0,8.6,8.6,8.6,8.5,8.5,8.5,2619.0,2619.0,2619.0,0.5,0.5,0.5,1.2,1.2,1.2,12.0,12.0,12.0,84.0,84.0,84.0
SATLUJ,3871,SUTLEJ RIVER  D/S POWER HOUSE KASHANG HEP,HIMACHAL PRADESH,7.0,12.0,9.5,8.5,9.0,8.75,7.2,8.6,7.9,99.0,2818.0,1458.5,0.2,1.0,0.6,0.2,1.2,0.7,1.0,21.0,11.0,84.0,1600.0,842.0
SATLUJ,3870,SUTLEJ B/C WITH KARCHAM DRAIN,HIMACHAL PRADESH,7.5,13.0,10.25,8.3,9.0,8.65,7.4,8.5,7.95,91.0,2653.0,1372.0,0.3,1.5,0.9,0.3,1.2,0.75,14.0,70.0,42.0,120.0,430.0,275.0
SATLUJ,1389,SUTLEJ AT NEPTHA ZAKHAI,HIMACHAL PRADESH,7.0,12.0,9.5,8.4,9.3,8.850000000000001,7.2,8.6,7.9,92.0,2598.0,1345.0,0.4,1.4,0.8999999999999999,0.3,1.2,0.75,1.8,110.0,55.9,46.0,1600.0,823.0
SATLUJ,3869,"SUTLEJ RIVER  D/S TRT OF RAMPUR HYDEL ELECTRIC
PROJECT",HIMACHAL PRADESH,6.0,13.0,9.5,8.3,8.5,8.4,6.8,8.4,7.6,92.0,2587.0,1339.5,0.1,1.0,0.55,0.2,1.3,0.75,1.8,39.0,20.4,39.0,1600.0,819.5
SATLUJ,1086,SUTLEJ AT U/S RAMPUR,HIMACHAL PRADESH,6.5,16.0,11.25,8.0,9.2,8.6,6.5,8.6,7.55,97.0,2545.0,1321.0,0.2,1.0,0.6,0.25,1.32,0.785,1.8,210.0,105.9,94.0,1600.0,847.0
SATLUJ,1087,SUTLEJ AT D/S RAMPUR,HIMACHAL PRADESH,6.5,16.0,11.25,8.0,9.4,8.7,6.6,8.6,7.6,96.0,2491.0,1293.5,0.4,1.5,0.95,0.26,1.3,0.78,1.8,94.0,47.9,210.0,1600.0,905.0
SATLUJ,1013,SUTLEJ AT U/S TATAPANI,HIMACHAL PRADESH,8.0,16.0,12.0,8.0,9.3,8.65,7.0,8.5,7.75,93.0,2349.0,1221.0,0.2,1.7,0.95,0.24,1.5,0.87,1.8,70.0,35.9,120.0,1600.0,860.0
SATLUJ,4446,RIVER SUTLEJ U/S IANDFILL SITE RAMPUR,HIMACHAL PRADESH,10.0,13.0,11.5,8.4,8.6,8.5,7.4,8.4,7.9,91.0,2570.0,1330.5,0.5,0.8,0.65,0.2,1.2,0.7,9.0,49.0,29.0,1.8,280.0,140.9
SATLUJ,4447,RIVER STLUJ D/S LANDFILL SITE RAMPUR,HIMACHAL PRADESH,10.0,13.0,11.5,8.4,8.6,8.5,6.9,8.5,7.7,91.0,2543.0,1317.0,0.6,0.8,0.7,0.3,1.2,0.75,26.0,70.0,48.0,280.0,430.0,355.0
SATLUJ,1014,SUTLEJ AT U/S SLAPPER,HIMACHAL PRADESH,11.0,23.0,17.0,8.4,11.3,9.85,7.9,8.5,8.2,8.0,2340.0,1174.0,0.1,0.1,0.1,0.3,0.02,0.16,13.0,33.0,23.0,110.0,280.0,195.0
SATLUJ,1015,SUTLEJ AT D/S SLAPPER,HIMACHAL PRADESH,10.0,22.0,16.0,8.4,11.2,9.8,7.3,8.4,7.85,83.0,1277.0,680.0,0.1,0.8,0.45,0.3,0.21,0.255,10.0,34.0,22.0,220.0,280.0,250.0
SATLUJ,1016,SUTLEJ AT D/S BHAKHRA,HIMACHAL PRADESH,3.0,21.0,12.0,5.8,9.5,7.65,7.3,8.4,7.85,169.0,2560.0,1364.5,0.1,0.4,0.25,0.34,0.82,0.58,1.8,37.0,19.4,1.8,170.0,85.9
SATLUJ,4032,"SUTLEJ AT U/S KHAIRIAN SOLID WASTE DUMPING SITE
BILASPUR",HIMACHAL PRADESH,14.5,25.0,19.75,7.3,10.8,9.05,7.9,8.7,8.3,147.0,411.0,279.0,0.1,0.4,0.25,0.1,0.1,0.1,22.0,33.0,27.5,170.0,280.0,225.0
SATLUJ,4033,"SUTLEJ AT D/S KHAIRIAN SOLID WASTE DUMPING SITE
BILASPUR",HIMACHAL PRADESH,15.0,25.0,20.0,8.8,10.6,9.7,7.9,8.7,8.3,2.0,285.0,143.5,0.2,0.3,0.25,0.1,0.2,0.15,21.0,49.0,35.0,170.0,350.0,260.0
SATLUJ,4450,"RIVER SUTLEJ U/S CONFLUENCE WITH GANVI
KHAND",HIMACHAL PRADESH,8.7,12.0,10.35,8.4,9.0,8.7,7.3,8.5,7.9,92.0,1413.0,752.5,0.4,1.0,0.7,0.3,0.8,0.55,11.0,40.0,25.5,46.0,280.0,163.0
SATLUJ,4451,"RIVER SUTLEJ D/S CONFLUENCE WITH GANVI
KHAD",HIMACHAL PRADESH,8.7,12.0,10.35,8.5,9.0,8.75,7.0,8.3,7.65,91.0,1399.0,745.0,0.3,0.9,0.6,0.3,0.8,0.55,17.0,47.0,32.0,84.0,350.0,217.0
SATLUJ,1814,"SUTLEJ AT D/S KIRATPUR
SAHIB,",PUNJAB,14.0,21.0,17.5,7.8,9.1,8.45,7.2,8.5,7.85,192.0,612.0,402.0,,,,0.4,5.8,3.1,20.0,450.0,235.0,170.0,1400.0,785.0
SATLUJ,2915,"SUTLEJ AT 100 MT. D/S OF
PACL, NANGAL, PUNJAB",PUNJAB,12.0,24.0,18.0,7.9,8.9,8.4,7.0,8.3,7.65,186.0,421.0,303.5,,,,0.2,3.9,2.05,23.0,260.0,141.5,140.0,840.0,490.0
SATLUJ,1380,"SUTLEJ AT D/S NFL, PUNJAB",PUNJAB,12.0,24.0,18.0,7.8,9.0,8.4,7.0,8.4,7.7,180.0,291.0,235.5,,,,0.8,8.1,4.45,21.0,230.0,125.5,120.0,790.0,455.0
SATLUJ,10020,"RIVER SUTLEJ AT ANANDPUR
SAHIB",PUNJAB,14.0,24.0,19.0,7.8,9.2,8.5,6.9,8.5,7.7,204.0,378.0,291.0,1.0,1.0,1.0,0.8,11.9,6.3500000000000005,49.0,400.0,224.5,220.0,1000.0,610.0
SATLUJ,10021,"RIVER SUTLEJ AT BUNGA
SAHIB",PUNJAB,16.0,22.0,19.0,7.3,8.9,8.1,7.2,8.4,7.800000000000001,180.0,340.0,260.0,1.0,1.6,1.3,0.4,2.0,1.2,33.0,680.0,356.5,170.0,1300.0,735.0
SATLUJ,10022,"RIVER SUTLEJ AT PHILLAUR
U/S",PUNJAB,15.0,33.0,24.0,4.5,7.5,6.0,7.0,7.7,7.35,280.0,880.0,580.0,1.0,9.0,5.0,0.1,0.7,0.3999999999999999,110.0,1100.0,605.0,280.0,2200.0,1240.0
SATLUJ,10023,"RIVER SUTLEJ AT PHAGWARA
U/S (CHAHERU BRIDGE)",PUNJAB,16.0,32.0,24.0,1.1,4.8,2.95,7.1,8.0,7.55,521.0,1060.0,790.5,4.0,12.0,8.0,0.5,2.5,1.5,680.0,2300.0,1490.0,1100.0,3300.0,2200.0
SATLUJ,10024,RIVER SUTLEJ AT PHAGWARA D/S (KANGANIWAL BRIDGE),PUNJAB,14.0,33.0,23.5,1.6,1.6,1.6,7.1,7.9,7.5,699.0,1326.0,1012.5,18.0,45.0,31.5,1.2,3.6,2.4,7000.0,49000.0,28000.0,14000.0,70000.0,42000.0
SATLUJ,10025,"RIVER SUTLEJ AT JALANDHAR U/S (PEERU SHAH KA
DARGAH)",PUNJAB,14.0,33.0,23.5,,,,7.1,7.8,7.449999999999999,889.0,1410.0,1149.5,40.0,84.0,62.0,2.0,3.8,2.9,12000.0,79000.0,45500.0,35000.0,110000.0,72500.0
SATLUJ,10026,RIVER SUTLEJ AT JALANDHAR D/S (MALSIAN BRIDGE),PUNJAB,13.0,32.0,22.5,,,,7.1,7.5,7.3,982.0,1680.0,1331.0,48.0,120.0,84.0,1.6,5.2,3.4000000000000004,17000.0,170000.0,93500.0,79000.0,280000.0,179500.0
SATLUJ,10027,"RIVER SUTLEJ AT LUDHIANA
U/S",PUNJAB,16.0,26.0,21.0,7.2,8.7,7.949999999999999,7.2,8.3,7.75,214.0,394.0,304.0,1.0,2.0,1.5,0.4,6.1,3.25,140.0,1300.0,720.0,630.0,2600.0,1615.0
SATLUJ,10028,"RIVER SUTLEJ AT LUDHIANA
D/S",PUNJAB,17.0,29.0,23.0,2.0,6.2,4.1,7.0,7.8,7.4,312.0,956.0,634.0,4.0,55.0,29.5,0.2,5.1,2.65,14000.0,220000.0,117000.0,22000.0,940000.0,481000.0
SATLUJ,1017,"SUTLEJ AT 100M U/S OF
HEADWORKS, NANGAL",PUNJAB,13.0,20.0,16.5,8.8,9.8,9.3,7.1,8.4,7.75,177.0,242.0,209.5,1.0,1.0,1.0,0.39,5.02,2.705,17.0,93.0,55.0,84.0,390.0,237.0
SATLUJ,1018,"SUTLEJ AT 100M D/S , NANGAL",PUNJAB,11.0,22.0,16.5,8.1,9.2,8.649999999999999,6.9,8.4,7.65,190.0,330.0,260.0,,,,0.79,2.69,1.74,26.0,330.0,178.0,140.0,1100.0,620.0
SATLUJ,1293,"SUTLEJ AT 1 KM. D/S OF ZENITH, PUNJAB",PUNJAB,12.0,28.0,20.0,7.4,8.5,7.95,7.2,8.5,7.85,225.0,448.0,336.5,1.1,1.1,1.1,0.6,5.1,2.85,110.0,700.0,405.0,430.0,2100.0,1265.0
SATLUJ,1019,"SUTLEJ AT U/S HEAD WORKS
ROPAR",PUNJAB,13.0,27.0,20.0,7.8,9.1,8.45,7.3,8.5,7.9,208.0,367.0,287.5,,,,0.48,5.02,2.75,79.0,780.0,429.5,280.0,1700.0,990.0
SATLUJ,1690,"SUTLEJ AT U/S BUDHA NALLAH (UPPER), PUNJAB",PUNJAB,14.0,29.0,21.5,6.8,8.6,7.699999999999999,7.2,8.1,7.65,224.0,488.0,356.0,1.1,3.0,2.05,0.9,11.2,6.05,280.0,1700.0,990.0,920.0,4900.0,2910.0
SATLUJ,1020,"SUTLEJ AT 100M D/S BUDHA NALA CONFL., LUDHIANA",PUNJAB,17.0,30.0,23.5,1.2,5.8,3.5,7.0,7.9,7.45,316.0,1245.0,780.5,8.0,105.0,56.5,0.41,3.12,1.765,27000.0,1700000.0,863500.0,79000.0,3500000.0,1789500.0
SATLUJ,1022,"SUTLEJ AT BRIDGE HARIKE,
AMRITSAR",PUNJAB,14.0,32.0,23.0,5.2,7.0,6.1,7.2,7.9,7.550000000000001,280.0,408.0,344.0,1.8,4.4,3.1,0.9,3.2,2.0500000000000003,200.0,7000.0,3600.0,3300.0,11000.0,7150.0
SATLUJ,1021,"SUTLEJ AT BOAT BDG. DHARMKOTNAKODAR ROAD,
JALANDHAR",PUNJAB,14.0,27.0,20.5,3.0,5.9,4.45,6.9,7.9,7.4,308.0,888.0,598.0,3.2,20.0,11.6,0.29,1.93,1.11,11000.0,93000.0,52000.0,17000.0,260000.0,138500.0
SATLUJ,1381,"SUTLEJ AT D/S EAST BEIN, PUNJAB",PUNJAB,12.0,31.0,21.5,1.0,6.0,3.5,7.3,8.0,7.65,292.0,1230.0,761.0,3.4,22.0,12.7,1.0,2.5,1.75,200.0,22000.0,11100.0,3300.0,54000.0,28650.0
SATLUJ,1691,"SUTLEJ AT U/S HUSSANIWALA
- H/W FEROZEPUR, PUNJAB",PUNJAB,10.0,34.0,22.0,6.6,9.0,7.8,7.0,8.3,7.65,202.0,296.0,249.0,1.1,1.2,1.15,0.2,1.4,0.7999999999999999,93.0,930.0,511.5,490.0,2400.0,1445.0
SATLUJ,1692,"SUTLEJ AT D/S HUSSANIWALA-
H/W FEROZEPUR, PUNJAB",PUNJAB,12.0,34.0,23.0,6.4,8.9,7.65,7.1,8.3,7.7,205.0,315.0,260.0,1.2,1.8,1.5,0.2,4.3,2.25,61.0,920.0,490.5,220.0,2300.0,1260.0
GANGA,1491,BHAGIRATHI AT GANGOTRI,UTTARAKHAND,,,,9.8,9.8,9.8,,,,,,,,,,,,,7.0,7.0,7.0,9.0,9.0,9.0
GANGA,1485,"MANDAKINI B/C ALAKLNADA AT RUDRAPRAYAG,",UTTARAKHAND,17.0,18.0,17.5,9.4,9.8,9.6,7.8,7.9,7.85,,,,0.0,1.0,0.5,,,,1.8,2.0,1.9,1.8,2.0,1.9
GANGA,1484,ALAKNANDA B/C MANDAKINI AT RUDRA PRAYAG,UTTARAKHAND,17.0,19.0,18.0,9.6,10.2,9.9,7.6,7.8,7.699999999999999,,,,1.0,1.0,1.0,,,,1.8,2.0,1.9,,2.0,
GANGA,1486,ALAKNANDA A/C MANDAKINI AT RUDRAPRAYAG,UTTARAKHAND,16.0,18.0,17.0,9.2,10.2,9.7,7.7,7.8,7.75,,,,1.0,1.0,1.0,,,,1.8,2.0,1.9,,2.0,
GANGA,1488,BHAGIRATHI B/C WITH ALAKNANDA AT DEVPRAYAG,UTTARAKHAND,17.0,18.0,17.5,9.4,10.2,9.8,7.6,8.0,7.8,,,,1.0,1.0,1.0,,,,1.8,2.0,1.9,,2.0,
GANGA,1487,ALAKNANDA B/C TO BHAGIRATHI AT DEVPRAYAG,UTTARAKHAND,17.0,19.0,18.0,9.2,10.0,9.6,7.6,7.9,7.75,,,,1.0,1.0,1.0,,,,1.8,2.0,1.9,,2.0,
GANGA,1489,ALAKNANDA A/C WITH BHAGIRATHI AT DEVPRAYAG,UTTARAKHAND,17.0,19.0,18.0,9.6,10.0,9.8,7.8,8.0,7.9,,,,1.0,1.0,1.0,,,,1.8,2.0,1.9,,2.0,
GANGA,20048,SWARG ASHRAM-1,UTTARAKHAND,19.0,21.0,20.0,9.2,10.2,9.7,7.9,8.1,8.0,105.0,292.0,198.5,1.0,1.0,1.0,,,,40.0,60.0,50.0,110.0,170.0,140.0
GANGA,1060,GANGA AT RISHIKESH U/S,UTTARAKHAND,16.0,20.0,18.0,9.8,11.8,10.8,7.4,8.2,7.8,114.0,125.0,119.5,1.0,1.0,1.0,,,,14.0,30.0,22.0,40.0,401.0,220.5
GANGA,20049,LAKKAR GHAT- OXIDATION PONDS,UTTARAKHAND,19.0,28.0,23.5,8.8,10.2,9.5,7.8,8.4,8.1,,390.0,,1.0,1.0,1.0,,,,40.0,70.0,55.0,90.0,170.0,130.0
GANGA,10147,RIVER GANGA D/S RISHIKESH,UTTARAKHAND,16.0,22.0,19.0,9.0,11.2,10.1,7.3,8.2,7.75,97.0,154.0,125.5,1.0,1.0,1.0,,,,26.0,40.0,33.0,50.0,90.0,70.0
GANGA,2725,"GANGA RIVER AFTER CONFLUENCE OF RIVER SONG NEAR SATYANARAYAN TEMPLE D/S RAIWALA,
DEHRADUN",UTTARAKHAND,16.0,25.0,20.5,8.6,10.4,9.5,7.4,8.4,7.9,308.0,400.0,354.0,1.0,1.2,1.1,,,,50.0,130.0,90.0,110.0,280.0,195.0
GANGA,10148,RIVER GANGA AT HAR KI PAURI GHAT,UTTARAKHAND,17.0,22.0,19.5,9.0,10.2,9.6,7.5,8.4,7.95,121.0,155.0,138.0,1.0,1.0,1.0,,,,26.0,50.0,38.0,40.0,110.0,75.0
GANGA,1061,"GANGA AT HARIDWAR D/S, UPPER GANGA CANAL D/S
BALKUMARI MANDIR,",UTTARAKHAND,16.0,22.0,19.0,8.6,9.4,9.0,7.1,8.0,7.55,173.0,231.0,202.0,1.0,2.0,1.5,,,,70.0,220.0,145.0,130.0,350.0,240.0
GANGA,2727,UPPER GANGA RIVER D/S ROORKEE,UTTARAKHAND,16.0,20.0,18.0,8.6,10.0,9.3,7.4,8.3,7.85,,143.0,,1.0,1.2,1.1,,,,40.0,90.0,65.0,110.0,170.0,140.0
GANGA,10150,"RIVER GANGA AT MADHYA GANGA BARRAGE, BIJNOR",UTTAR PRADESH,,,,7.5,9.7,8.6,7.4,7.7,7.550000000000001,62.0,253.0,157.5,1.3,1.8,1.55,,,,,,,,,
GANGA,1062,GANGA AT GARHMUKTESHWAR,UTTAR PRADESH,16.5,26.0,21.25,7.5,10.5,9.0,6.8,7.7,7.25,155.0,266.0,210.5,0.9,2.8,1.85,0.33,0.82,0.575,220.0,1700.0,960.0,540.0,3500.0,2020.0
GANGA,10149,GHARMUKTESHWAR,UTTAR PRADESH,16.0,26.0,21.0,7.3,11.5,9.4,6.5,7.6,7.05,163.0,256.0,209.5,0.6,2.1,1.35,0.25,0.85,0.55,110.0,1100.0,605.0,240.0,2800.0,1520.0
GANGA,2488,"GANGA U/S, ANOOPSHAHAR",UTTAR PRADESH,15.0,30.0,22.5,7.0,10.4,8.7,6.9,7.5,7.2,210.0,232.0,221.0,1.1,2.8,1.95,0.32,0.62,0.47,110.0,280.0,195.0,170.0,550.0,360.0
GANGA,2489,"GANGA D/S, ANOOPSHAHAR",UTTAR PRADESH,17.0,30.0,23.5,7.2,10.3,8.75,7.0,7.6,7.3,218.0,236.0,227.0,0.8,2.6,1.7000000000000002,0.34,0.53,0.435,170.0,430.0,300.0,240.0,920.0,580.0
GANGA,1145,GANGA AT NARORA (BULANDSAHAR),UTTAR PRADESH,14.0,29.0,21.5,7.3,10.6,8.95,7.1,7.6,7.35,220.0,234.0,227.0,1.0,2.5,1.75,0.37,0.66,0.515,280.0,920.0,600.0,630.0,1600.0,1115.0
GANGA,2490,"GANGA AT KACHHLA GHAT, ALIGARH",UTTAR PRADESH,16.0,25.0,20.5,9.7,10.5,10.1,7.0,8.0,7.5,118.0,789.0,453.5,0.9,2.5,1.7,0.55,0.62,0.585,170.0,270.0,220.0,250.0,460.0,355.0
GANGA,10151,RIVER GANGA AT FARUKKABAD,UTTAR PRADESH,16.0,33.0,24.5,6.4,10.7,8.55,7.6,8.4,8.0,157.0,285.0,221.0,1.7,2.6,2.15,,,,1.8,1700.0,850.9,1700.0,2700.0,2200.0
GANGA,1063,GANGA AT KANNAUJ U/S (RAJGHAT),UTTAR PRADESH,16.0,32.0,24.0,6.4,10.6,8.5,7.7,8.6,8.15,205.0,345.0,275.0,2.4,3.4,2.9,,,,1300.0,2700.0,2000.0,3300.0,4600.0,3950.0
GANGA,1066,GANGA AT KANNAUJ D/S,UTTAR PRADESH,16.0,32.0,24.0,6.0,10.2,8.1,7.8,8.6,8.2,200.0,366.0,283.0,2.8,4.2,3.5,,,,1700.0,3300.0,2500.0,4000.0,5800.0,4900.0
GANGA,1146,GANGA AT BITHOOR (KANPUR),UTTAR PRADESH,16.0,32.0,24.0,6.1,10.6,8.35,7.9,8.8,8.350000000000001,203.0,350.0,276.5,2.3,4.4,3.35,,,,1400.0,3400.0,2400.0,3300.0,5800.0,4550.0
GANGA,1067,"GANGA AT KANPUR U/S
(RANIGHAT)",UTTAR PRADESH,16.0,32.0,24.0,5.8,10.3,8.05,7.8,8.7,8.25,203.0,368.0,285.5,2.5,4.0,3.25,,,,1700.0,3400.0,2550.0,3900.0,5800.0,4850.0
GANGA,10154,"RIVER GANGA AT BATHING
GHAT (BHARAOGHAT)",UTTAR PRADESH,16.0,32.0,24.0,5.7,10.4,8.05,7.8,8.7,8.25,206.0,362.0,284.0,2.4,3.8,3.1,,,,2000.0,3300.0,2650.0,3200.0,4900.0,4050.0
GANGA,10155,RIVER GANGA AT D/S SHUKLAGANJ,UTTAR PRADESH,16.0,32.0,24.0,5.4,10.0,7.7,7.8,8.7,8.25,219.0,380.0,299.5,2.7,4.4,3.5500000000000003,,,,2000.0,4500.0,3250.0,4600.0,7000.0,5800.0
GANGA,1068,GANGA AT KANPUR D/S (JAJMAU PUMPING STATION),UTTAR PRADESH,16.0,32.0,24.0,4.6,9.4,7.0,7.6,8.4,8.0,223.0,442.0,332.5,3.2,5.8,4.5,,,,17000.0,35000.0,26000.0,28000.0,63000.0,45500.0
GANGA,10157,RIVER GANGA AT BATHING GHAT (JAJMAU BRIDGE),UTTAR PRADESH,16.0,32.0,24.0,5.6,9.6,7.6,7.7,8.5,8.1,219.0,392.0,305.5,2.8,5.4,4.1,,,,4300.0,25000.0,14650.0,7000.0,54000.0,30500.0
GANGA,1147,GANGA AT DALMAU (RAI BAREILLY),UTTAR PRADESH,17.0,27.0,22.0,7.0,10.6,8.8,7.9,8.7,8.3,201.0,458.0,329.5,2.8,4.1,3.45,0.78,0.86,0.8200000000000001,2500.0,3600.0,3050.0,3100.0,4100.0,3600.0
GANGA,2498,"GANGA AT KALA KANKAR, RAEBARELI",UTTAR PRADESH,17.0,27.0,22.0,6.9,11.0,8.95,7.9,8.5,8.2,206.0,456.0,331.0,2.7,4.1,3.4,0.76,0.84,0.8,2400.0,3400.0,2900.0,3100.0,4000.0,3550.0
GANGA,1046,GANGA AT ALLAHABAD (RASOOLABAD),UTTAR PRADESH,22.3,32.5,27.4,7.3,12.2,9.75,7.6,8.4,8.0,154.0,261.0,207.5,2.1,3.2,2.6500000000000004,1.28,1.61,1.445,4300.0,14000.0,9150.0,9400.0,24000.0,16700.0
GANGA,2487,"GANGA AT KADAGHAT, ALLAHABAD",UTTAR PRADESH,22.4,32.7,27.55,6.9,11.5,9.2,7.8,8.5,8.15,150.0,268.0,209.0,2.0,3.9,2.95,1.38,1.77,1.575,4600.0,14000.0,9300.0,11000.0,27000.0,19000.0
GANGA,1049,GANGA AT ALLAHABAD D/S (SANGAM),UTTAR PRADESH,22.6,32.8,27.7,6.8,11.5,9.15,7.8,8.4,8.1,236.0,283.0,259.5,2.0,3.4,2.7,1.39,1.83,1.61,3300.0,13000.0,8150.0,8400.0,27000.0,17700.0
GANGA,10158,"RIVER GANGA A/C TAMSA RIVER, SIRSA, SON BARSA",UTTAR PRADESH,22.7,32.8,27.75,7.0,11.7,9.35,7.7,8.2,7.949999999999999,246.0,276.0,261.0,1.8,2.9,2.35,1.35,1.69,1.52,3100.0,9400.0,6250.0,7000.0,22000.0,14500.0
GANGA,2485,"GANGA U/S, VINDHYACHAL, MIRZAPUR",UTTAR PRADESH,19.0,29.5,24.25,7.2,9.2,8.2,8.2,8.4,8.3,352.0,468.0,410.0,2.1,3.2,2.6500000000000004,0.48,0.9,0.69,800.0,1300.0,1050.0,1300.0,2700.0,2000.0
GANGA,2486,"GANGA D/S, MIRZAPUR",UTTAR PRADESH,19.0,29.8,24.4,6.7,8.4,7.550000000000001,8.1,8.6,8.35,364.0,496.0,430.0,3.3,3.9,3.6,0.84,1.3,1.07,7000.0,11000.0,9000.0,13000.0,22000.0,17500.0
GANGA,10153,RIVER GNAGA TA CHUNAR,UTTAR PRADESH,19.0,29.5,24.25,6.9,8.8,7.85,2.2,8.5,5.35,360.0,488.0,424.0,2.9,3.8,3.35,0.77,1.12,0.945,5000.0,8000.0,6500.0,8000.0,14000.0,11000.0
GANGA,1070,GANGA AT VARANASI U/S (ASSIGHAT),UTTAR PRADESH,20.0,31.5,25.75,7.2,10.0,8.6,8.1,8.4,8.25,364.0,512.0,438.0,1.7,3.3,2.5,0.12,0.24,0.18,500.0,1700.0,1100.0,1100.0,3400.0,2250.0
GANGA,1071,"GANGA AT VARANASI D/S
(MALVIYA BRIDGE)",UTTAR PRADESH,20.0,31.5,25.75,6.5,7.9,7.2,7.9,8.7,8.3,392.0,528.0,460.0,3.4,4.2,3.8,0.15,0.4,0.275,11000.0,23000.0,17000.0,17000.0,43000.0,30000.0
GANGA,10152,"RIVER GANGA A/C GOMTI RIVER, BHUSAULA",UTTAR PRADESH,20.5,32.5,26.5,6.8,9.0,7.9,8.2,8.6,8.399999999999999,370.0,524.0,447.0,3.0,3.8,3.4,0.15,0.31,0.2299999999999999,5000.0,11000.0,8000.0,8000.0,17000.0,12500.0
GANGA,10156,RIVER GANGA AT BATHING GHAT (GOLA GHAT),UTTAR PRADESH,16.0,32.0,24.0,5.6,10.1,7.85,7.7,8.6,8.15,236.0,384.0,310.0,2.6,4.6,3.6,,,,2300.0,5400.0,3850.0,4600.0,13000.0,8800.0
GANGA,1073,GANGA AT TRIGHAT (GHAZIPUR),UTTAR PRADESH,20.5,32.0,26.25,6.5,7.8,7.15,8.1,8.7,8.399999999999999,388.0,535.0,461.5,3.3,4.3,3.8,0.19,0.38,0.285,11000.0,17000.0,14000.0,21000.0,31000.0,26000.0
GANGA,1074,GANGA AT BUXAR,BIHAR,17.0,35.0,26.0,6.8,10.2,8.5,7.0,9.0,8.0,250.0,512.0,381.0,1.4,2.8,2.1,0.02,0.37,0.195,450.0,28000.0,14225.0,2300.0,160000.0,81150.0
GANGA,10113,"RIVER GANGA AT U/S JAIL GHAT, BUXAR",BIHAR,17.0,37.0,27.0,6.0,8.6,7.3,7.1,8.6,7.85,253.0,508.0,380.5,1.5,2.7,2.1,0.03,0.46,0.245,2100.0,28000.0,15050.0,8400.0,160000.0,84200.0
GANGA,2551,"GANGA AT BUXAR, RAMREKHAGHAT",BIHAR,17.0,36.0,26.5,6.0,8.3,7.15,7.5,8.7,8.1,257.0,523.0,390.0,1.9,2.8,2.35,0.02,0.54,0.28,1100.0,17000.0,9050.0,9400.0,35000.0,22200.0
GANGA,3113,GANGA AT D/S BUXAR NEAR ROAD BRIDGE,BIHAR,16.0,34.0,25.0,6.3,8.5,7.4,7.2,8.8,8.0,248.0,629.0,438.5,1.5,2.7,2.1,0.02,0.51,0.265,170.0,17000.0,8585.0,1600.0,54000.0,27800.0
GANGA,10131,RIVE GANGA AT U/S BARAHPUR BINDTOLI,BIHAR,19.0,32.0,25.5,6.2,9.3,7.75,7.5,8.8,8.15,236.0,411.0,323.5,1.3,2.2,1.75,0.14,0.73,0.435,1700.0,17000.0,9350.0,11000.0,92000.0,51500.0
GANGA,10162,"GANGA AT ARA-CHHAPRA ROAD BRIDGE (KOILWER
BANURA- CHHAPRA ROAD)",BIHAR,18.0,35.0,26.5,5.7,9.8,7.75,7.3,8.3,7.800000000000001,250.0,505.0,377.5,1.4,2.0,1.7,0.02,0.36,0.19,1300.0,3900.0,2600.0,3300.0,35000.0,19150.0
GANGA,2564,"GANGA AT THE CONFLUENCE OF SONE RIVER DORIGANJ,
CHAPRA",BIHAR,17.0,33.0,25.0,7.3,9.8,8.55,7.3,8.1,7.699999999999999,237.0,457.0,347.0,1.4,2.5,1.95,0.1,0.21,0.155,1400.0,4000.0,2700.0,2600.0,28000.0,15300.0
GANGA,10114,"RIVER GANGA TA MAA AMBIKA ASTHAN, AAMI,
SARAN",BIHAR,17.0,32.0,24.5,7.2,9.7,8.45,7.2,8.0,7.6,16.0,462.0,239.0,1.7,2.2,1.95,0.12,0.62,0.37,450.0,22000.0,11225.0,14000.0,43000.0,28500.0
GANGA,3114,"GANGA NEAR DANAPUR (NEAR PIPA PUL) ,PATNA",BIHAR,19.0,33.0,26.0,6.7,9.4,8.05,7.4,8.5,7.95,283.0,563.0,423.0,1.3,2.4,1.85,0.01,0.86,0.435,780.0,14000.0,7390.0,3100.0,28000.0,15550.0
GANGA,1077,"GANGA AT KURJI, PATNA U/S",BIHAR,18.0,33.0,25.5,6.3,9.0,7.65,7.4,8.5,7.95,257.0,563.0,410.0,1.3,2.0,1.65,0.03,1.0,0.515,2100.0,11000.0,6550.0,2600.0,35000.0,18800.0
GANGA,2552,"GANGA AT GANDHIGHAT, NIT
AT PATNA",BIHAR,19.0,33.0,26.0,6.5,8.8,7.65,7.7,8.3,8.0,265.0,467.0,366.0,1.8,2.9,2.35,0.03,0.58,0.305,1400.0,26000.0,13700.0,11000.0,35000.0,23000.0
GANGA,10115,"RIVER GANGA TA GULABI GHAT, PATNA",BIHAR,19.0,34.0,26.5,5.6,8.5,7.05,7.4,8.4,7.9,263.0,465.0,364.0,1.8,2.8,2.3,0.03,0.82,0.425,1400.0,22000.0,11700.0,6800.0,92000.0,49400.0
GANGA,1079,"GANGA AT PATNA D/S
(GANGA BRIDGE), GAIGHAT",BIHAR,19.0,34.0,26.5,6.3,8.8,7.550000000000001,7.7,8.6,8.15,250.0,479.0,364.5,1.7,2.6,2.15,0.11,1.0,0.555,1100.0,28000.0,14550.0,11000.0,160000.0,85500.0
GANGA,3122,"GANGA AT MALSALAMI,
PATNA",BIHAR,18.0,33.0,25.5,7.0,9.5,8.25,7.3,8.5,7.9,247.0,458.0,352.5,1.5,2.6,2.05,0.02,0.8,0.41,1100.0,11000.0,6050.0,4000.0,24000.0,14000.0
GANGA,4297,"KACHCHI-DARGAH-BIDUPUR ROAD BRIDGE, PATNA",BIHAR,18.0,34.0,26.0,6.6,9.8,8.2,6.6,8.5,7.55,262.0,456.0,359.0,1.2,2.1,1.65,0.02,0.78,0.4,1100.0,11000.0,6050.0,5500.0,28000.0,16750.0
GANGA,10122,"RIVER GANGA AT TRIVENI GHAT, PATNA",BIHAR,17.0,33.0,25.0,6.1,9.5,7.8,7.7,8.4,8.05,245.0,454.0,349.5,1.4,2.7,2.05,0.03,0.64,0.335,1400.0,21000.0,11200.0,3300.0,28000.0,15650.0
GANGA,2553,"GANGA AT KEWALA GHAT,FATUHA, PATNA",BIHAR,17.0,34.0,25.5,6.2,8.5,7.35,7.5,8.2,7.85,252.0,467.0,359.5,1.8,2.9,2.35,0.02,1.83,0.925,1100.0,22000.0,11550.0,3800.0,92000.0,47900.0
GANGA,4301,"BAKHTIYARPUR-TAJPUR BRIDGE ON GANGA,
ATHMALGOLA, PATNA",BIHAR,18.0,33.0,25.5,5.8,9.4,7.6,7.4,8.6,8.0,246.0,514.0,380.0,1.3,2.2,1.75,0.09,0.61,0.35,1700.0,17000.0,9350.0,3100.0,54000.0,28550.0
GANGA,3115,GANGA RIVER AT BARH,BIHAR,19.0,33.0,26.0,6.1,9.8,7.95,7.5,9.9,8.7,238.0,462.0,350.0,1.3,2.2,1.75,0.03,0.62,0.325,1300.0,22000.0,11650.0,7000.0,54000.0,30500.0
GANGA,10130,"RIVER GANGA AT D/S
NAWADGHAT, BARH, PATNA",BIHAR,18.0,32.0,25.0,6.0,9.6,7.8,7.5,8.9,8.2,240.0,475.0,357.5,1.1,2.3,1.7,0.1,0.58,0.3399999999999999,1400.0,17000.0,9200.0,3900.0,160000.0,81950.0
GANGA,1817,"GANGA AT MOKAMA (U/S),
MAHADEO ASTHAN, PATNA",BIHAR,18.0,33.0,25.5,6.1,9.4,7.75,7.4,8.8,8.100000000000001,237.0,452.0,344.5,1.1,2.6,1.85,0.14,0.9,0.52,1100.0,13000.0,7050.0,1400.0,54000.0,27700.0
GANGA,1815,GANGA AT MOKAMA (D/S),BIHAR,19.0,33.0,26.0,6.3,8.0,7.15,7.2,8.5,7.85,208.0,425.0,316.5,1.6,2.6,2.1,0.06,0.54,0.3,680.0,17000.0,8840.0,14000.0,35000.0,24500.0
GANGA,3123,"GANGA RIVER AT BARAHIYA, NEPALITOLA, MARANCHI,
;LAKSHISARAI",BIHAR,21.0,35.0,28.0,6.1,9.2,7.649999999999999,7.6,8.7,8.149999999999999,239.0,452.0,345.5,1.1,2.3,1.7,0.11,1.17,0.64,1100.0,14000.0,7550.0,11000.0,35000.0,23000.0
GANGA,3116,"GANGA AT U/S MUNGER (NEAR INTAKE WELL ON
GANGA)",BIHAR,20.0,32.0,26.0,6.0,9.7,7.85,7.6,8.6,8.1,232.0,440.0,336.0,1.1,2.5,1.8,0.03,0.85,0.44,1100.0,17000.0,9050.0,11000.0,160000.0,85500.0
GANGA,1818,GANGA AT MUNGER,BIHAR,21.0,32.0,26.5,5.8,9.6,7.699999999999999,7.6,8.5,8.05,234.0,436.0,335.0,1.5,2.5,2.0,0.05,0.6,0.325,1100.0,28000.0,14550.0,14000.0,160000.0,87000.0
GANGA,3117,"GANGA AT U/S SULTANGANJ,
BHAGALPUR",BIHAR,18.0,32.0,25.0,6.1,9.5,7.8,7.4,8.7,8.05,242.0,427.0,334.5,1.5,2.3,1.9,0.07,0.5,0.285,1700.0,17000.0,9350.0,9300.0,92000.0,50650.0
GANGA,4398,"GANGA RIVER AT WATER
INTAKE POINT, BHAGALPUR",BIHAR,18.0,34.0,26.0,6.1,8.7,7.399999999999999,7.5,9.1,8.3,239.0,512.0,375.5,1.3,2.8,2.05,0.05,1.06,0.555,1200.0,22000.0,11600.0,4100.0,92000.0,48050.0
GANGA,2554,"GANGA AT SULTANGANJ,
BHAGALPUR",BIHAR,18.0,32.0,25.0,6.2,9.4,7.800000000000001,7.3,8.6,7.949999999999999,234.0,408.0,321.0,1.3,2.6,1.95,0.04,0.56,0.3,780.0,28000.0,14390.0,3900.0,160000.0,81950.0
GANGA,10138,"RIVER GANGA AT
CHAMPANAGAR, BHAGALPUR",BIHAR,17.0,35.0,26.0,6.5,9.7,8.1,7.0,8.6,7.8,241.0,519.0,380.0,1.5,2.6,2.05,0.06,0.65,0.355,200.0,28000.0,14100.0,2700.0,160000.0,81350.0
GANGA,1819,GANGA AT BHAGALPUR,BIHAR,18.0,32.0,25.0,6.1,8.6,7.35,7.6,8.3,7.95,224.0,505.0,364.5,1.4,2.5,1.95,0.01,0.91,0.46,780.0,17000.0,8890.0,6800.0,92000.0,49400.0
GANGA,3118,"GANGA AT U/S BHAGALPUR
NEAR BARARIGHAT",BIHAR,13.0,34.0,23.5,6.0,8.5,7.25,7.6,8.6,8.1,244.0,500.0,372.0,1.9,2.7,2.3,0.01,0.52,0.265,930.0,35000.0,17965.0,11000.0,160000.0,85500.0
GANGA,1816,GANGA AT KAHALGAON,BIHAR,18.0,32.0,25.0,6.1,9.5,7.8,7.5,8.6,8.05,221.0,429.0,325.0,1.1,2.3,1.7,0.07,0.56,0.315,200.0,17000.0,8600.0,11000.0,160000.0,85500.0
GANGA,10143,"RIVER GANGA D/S NEAR
CREMATION GHAT",BIHAR,18.0,32.0,25.0,5.9,9.3,7.6,7.4,8.5,7.95,236.0,426.0,331.0,1.2,2.6,1.9,0.01,0.65,0.33,1400.0,14000.0,7700.0,14000.0,160000.0,87000.0
GANGA,10144,RIVER GANGA U/S NEAR LCT GHAT,JHARKHAND,17.0,40.0,28.5,7.8,8.6,8.2,7.8,8.4,8.1,304.0,316.0,310.0,2.2,2.6,2.4000000000000004,,,,,,,,,
GANGA,10145,"RIVER GANGA D/S NEAR
JANTA GHAT",JHARKHAND,18.0,44.0,31.0,8.0,8.6,8.3,7.6,8.4,8.0,312.0,320.0,316.0,2.2,2.6,2.4000000000000004,,,,,,,,,
GANGA,10146,"RIVER GANGA AT SANGI
DALAN",JHARKHAND,19.0,39.0,29.0,8.2,8.6,8.399999999999999,8.0,8.3,8.15,312.0,318.0,315.0,2.2,2.8,2.5,,,,,,,,,
GANGA,1059,"GANGA AT RAJMAHAL,",JHARKHAND,18.0,40.0,29.0,8.0,8.6,8.3,8.1,8.6,8.35,310.0,322.0,316.0,2.2,2.8,2.5,,,,,,,,,
GANGA,1080,"GANGA AT BAHARAMPORE, MURSHIDABAD,",WEST BENGAL,17.0,37.0,27.0,4.9,11.2,8.05,7.4,8.5,7.95,198.0,380.0,289.0,0.8,4.8,2.8,0.28,0.73,0.505,7000.0,300000.0,153500.0,14000.0,500000.0,257000.0
GANGA,10159,"RIVER GANGA AT BEHRAMPORE (KHAGRA)
MURSHIDABAD",WEST BENGAL,17.0,37.0,27.0,4.8,11.0,7.9,7.2,8.5,7.85,193.0,367.0,280.0,0.8,5.8,3.3,0.29,0.82,0.5549999999999999,1300.0,280000.0,140650.0,23000.0,350000.0,186500.0
GANGA,10160,"RIVER GANGA AT BEHRAMPORE (GORA BAZAR)
MURSHIDABAD",WEST BENGAL,17.0,37.0,27.0,4.8,11.0,7.9,7.5,8.5,8.0,207.0,383.0,295.0,0.8,8.0,4.4,0.25,0.89,0.5700000000000001,8000.0,240000.0,124000.0,26000.0,300000.0,163000.0
GANGA,2511,"NABADIP ON GANGA, GHOSHPARA NEAR
MONIPURGHAT,NADIA",WEST BENGAL,21.0,34.0,27.5,4.0,9.9,6.95,7.8,8.6,8.2,155.0,379.0,267.0,1.1,5.9,3.5,0.09,0.92,0.505,2000.0,170000.0,86000.0,4000.0,220000.0,112000.0
GANGA,2506,"TRIBENI ON GANGA, NEAR BURNING GHAT, HOOGHLY",WEST BENGAL,22.0,34.0,28.0,4.6,9.7,7.15,7.7,8.4,8.05,217.0,399.0,308.0,1.2,6.1,3.65,0.17,0.77,0.47,1300.0,220000.0,110650.0,8000.0,300000.0,154000.0
GANGA,10161,"RIVER GANGA AT PALTA, SHITALTALA,",WEST BENGAL,21.0,33.0,27.0,3.5,9.6,6.55,7.4,8.6,8.0,215.0,388.0,301.5,1.1,6.8,3.95,0.15,0.72,0.435,30000.0,1300000.0,665000.0,50000.0,3000000.0,1525000.0
GANGA,1054,GANGA AT PALTA,WEST BENGAL,21.0,33.0,27.0,4.2,9.4,6.800000000000001,7.4,8.5,7.95,206.0,384.0,295.0,1.1,6.8,3.95,0.09,1.05,0.5700000000000001,11000.0,220000.0,115500.0,30000.0,900000.0,465000.0
GANGA,1472,"GANGA AT SERAMPORE, HOOGHLY,WEST BENGAL",WEST BENGAL,21.0,32.0,26.5,4.3,11.5,7.9,7.0,8.8,7.9,214.0,372.0,293.0,1.1,6.1,3.6,0.23,0.85,0.54,4000.0,240000.0,122000.0,7000.0,500000.0,253500.0
GANGA,1053,"GANGA AT DAKSHMINESHWAR,
KOLKATA, WEST BENGAL",WEST BENGAL,20.0,34.0,27.0,4.7,7.8,6.25,7.1,8.6,7.85,252.0,569.0,410.5,2.7,5.5,4.1,0.14,2.15,1.145,33000.0,900000.0,466500.0,49000.0,1600000.0,824500.0
GANGA,1471,GANGA AT HOWRAH-SHIVPUR WEST BENGAL,WEST BENGAL,19.0,35.0,27.0,3.7,7.7,5.7,7.3,7.9,7.6,262.0,575.0,418.5,1.7,6.4,4.05,0.05,3.01,1.5299999999999998,26000.0,240000.0,133000.0,80000.0,500000.0,290000.0
GANGA,1470,"GANGA AT GARDEN REACH, KOLKATA, WEST BENGAL",WEST BENGAL,18.0,34.0,26.0,3.8,7.9,5.85,7.3,9.0,8.15,252.0,522.0,387.0,1.2,5.3,3.25,0.26,2.48,1.37,23000.0,900000.0,461500.0,70000.0,1600000.0,835000.0
GANGA,1052,"GANGA AT ULUBERIA , HOWRAH,WEST BENGAL",WEST BENGAL,21.0,35.0,28.0,4.0,7.5,5.75,7.2,8.0,7.6,301.0,826.0,563.5,1.4,5.4,3.4000000000000004,0.05,6.32,3.185,2100.0,110000.0,56050.0,11000.0,220000.0,115500.0
GANGA,1469,"GANGA AT DIAMOND HARBOUR, 24 PARGANAS
(S)WEST BENGAL",WEST BENGAL,19.0,36.0,27.5,4.3,7.8,6.05,6.8,8.0,7.4,319.0,8049.0,4184.0,1.2,4.1,2.65,0.09,3.81,1.95,400.0,11000.0,5700.0,1100.0,220000.0,110550.0
GANGA,1335,GANGA AT PATIKALI NEAR DURGA CHAK WEST BENGAL,WEST BENGAL,19.0,35.0,27.0,3.7,8.3,6.0,6.8,8.5,7.65,360.0,18090.0,9225.0,0.5,3.9,2.2,0.07,3.67,1.87,2200.0,33500.0,17850.0,11000.0,90000.0,50500.0
YAMUNA,1492,YAMUNA AT YAMUNOTRI,UTTARAKHAND,,,,9.8,9.8,9.8,7.3,7.3,7.3,64.0,64.0,64.0,0.0,0.0,0.0,0.4,0.4,0.4,2.0,2.0,2.0,4.0,4.0,4.0
YAMUNA,1493,YAMUNA AT HANUMANCHATTI,UTTARAKHAND,,,,9.0,9.0,9.0,7.9,7.9,7.9,89.0,89.0,89.0,0.0,0.0,0.0,0.5,0.5,0.5,11.0,11.0,11.0,240.0,240.0,240.0
YAMUNA,1494,YAMUNA AT U/S OF LAKHWAR DAM,UTTARAKHAND,16.0,19.0,17.5,8.8,10.0,9.4,7.5,8.0,7.75,156.0,224.0,190.0,0.0,1.0,0.5,0.4,0.4,0.4,22.0,45.0,33.5,50.0,5400.0,2725.0
YAMUNA,1490,"YAMUNA AT U/S DAK PATHER,",UTTARAKHAND,17.0,20.0,18.5,8.6,9.2,8.899999999999999,7.0,7.9,7.45,121.0,121.0,121.0,1.0,1.2,1.1,,,,70.0,170.0,120.0,60.0,280.0,170.0
YAMUNA,1553,"YAMUNA RIVER, U/S PAONTA
SAHIB",HIMACHAL PRADESH,13.0,28.0,20.5,6.2,9.5,7.85,6.2,8.0,7.1,298.0,4560.0,2429.0,0.2,1.4,0.7999999999999999,,1.2,,14.0,21.0,17.5,32.0,63.0,47.5
YAMUNA,1554,"YAMUNA RIVER, D/S PAONTA SAHIB",HIMACHAL PRADESH,9.0,24.0,16.5,6.3,9.0,7.65,6.4,8.0,7.2,286.0,5853.0,3069.5,0.4,1.8,1.1,0.1,1.4,0.75,15.0,26.0,20.5,39.0,84.0,61.5
YAMUNA,4439,RIVER YAMUNA U/S RANBAXY,HIMACHAL PRADESH,16.0,26.0,21.0,6.4,8.4,7.4,6.9,7.9,7.4,299.0,728.0,513.5,0.4,0.6,0.5,,0.7,,13.0,25.0,19.0,33.0,70.0,51.5
YAMUNA,4440,RIVER YAMUNA D/S RANBAXY,HIMACHAL PRADESH,16.0,29.0,22.5,6.2,8.4,7.300000000000001,6.8,7.9,7.35,369.0,847.0,608.0,0.4,0.7,0.55,0.1,0.8,0.45,13.0,41.0,27.0,34.0,70.0,52.0
YAMUNA,1117,"YAMUNA AT HATHNIKUND, YAMUNANAGAR",HARYANA,20.0,29.0,24.5,4.8,8.1,6.449999999999999,7.7,8.0,7.85,128.0,3430.0,1779.0,1.6,3.0,2.3,,1.7,,200.0,8000.0,4100.0,1300.0,84000.0,42650.0
YAMUNA,1496,"YAMUNA AT KALANAUR, YAMUNA NAGAR",HARYANA,20.0,28.0,24.0,4.5,9.2,6.85,7.5,8.0,7.75,128.0,3740.0,1934.0,2.0,2.8,2.4,0.1,1.6,0.8500000000000001,1300.0,40000.0,20650.0,2700.0,426000.0,214350.0
YAMUNA,10004,"RIVER YAMUNA AT KHOJIPUR
PANIPAT",HARYANA,14.0,26.0,20.0,4.6,11.2,7.899999999999999,7.3,8.2,7.75,243.0,760.0,501.5,1.3,14.0,7.65,,1.3,,800.0,140000.0,70400.0,3400.0,426000.0,214700.0
YAMUNA,1119,YAMUNA AT SONEPAT,HARYANA,,,,7.6,9.8,8.7,7.1,8.9,8.0,226.0,768.0,497.0,0.0,11.0,5.5,,1.5,,23.0,94000.0,47011.5,23.0,94000.0,47011.5
YAMUNA,1120,"YAMUNA AT PALLA, DELHI",DELHI,16.0,33.0,24.5,6.8,13.2,10.0,7.3,8.9,8.1,232.0,618.0,425.0,1.7,8.8,5.25,0.6,1.5,1.05,20.0,4100.0,2060.0,93.0,35000.0,17546.5
YAMUNA,1121,"YAMUNA AT NIZAMUDDIN, DELHI",DELHI,14.7,32.5,23.6,0.0,2.4,1.2,6.9,7.3,7.1,589.0,1550.0,1069.5,7.3,35.0,21.15,0.3,1.2,0.75,490000.0,9200000.0,4845000.0,490000.0,24000000.0,12245000.0
YAMUNA,1375,"YAMUNA AT OKHLA BRIDGE (INLET OF AGRA CANAL),
DELHI",DELHI,15.4,32.0,23.7,0.0,3.1,1.55,7.0,7.3,7.15,610.0,1240.0,925.0,6.7,28.0,17.35,0.2,1.0,0.6,68000.0,11000000.0,5534000.0,68000.0,17000000.0,8534000.0
YAMUNA,1812,"YAMUNA AT OKHLA AFTER MEETING OF SHAHDARA
DRAIN, DELHI",DELHI,18.3,33.2,25.75,0.0,3.3,1.65,7.0,7.7,7.35,532.0,1741.0,1136.5,8.4,63.0,35.7,0.3,0.8,0.55,220000.0,49000000.0,24610000.0,490000.0,49000000.0,24745000.0
YAMUNA,1497,"YAMUNA AT MAZAWALI, U.P",UTTAR PRADESH,,,,0.0,5.9,2.95,7.1,7.6,7.35,486.0,1910.0,1198.0,4.1,47.0,25.55,0.2,1.9,1.05,7800.0,1700000.0,853900.0,11000.0,1100000.0,555500.0
YAMUNA,2493,RIVER YAMUNA AT SHAHPUR,UTTAR PRADESH,15.0,36.0,25.5,2.8,6.4,4.6,6.2,7.6,6.9,,,,8.0,18.0,13.0,,,,52000.0,120000.0,86000.0,72000.0,160000.0,116000.0
YAMUNA,2495,"YAMUNA AT KESIGHAT,
VRINDAVAN",UTTAR PRADESH,15.0,36.0,25.5,4.8,6.1,5.449999999999999,7.1,7.8,7.449999999999999,,,,7.8,11.6,9.7,,,,49000.0,98000.0,73500.0,64000.0,98000.0,81000.0
YAMUNA,1123,"YAMUNA AT MATHURA U/S ,
U.P.",UTTAR PRADESH,,,,0.6,10.5,5.55,7.1,8.1,7.6,489.0,1670.0,1079.5,5.8,17.0,11.4,0.0,2.5,1.25,1100.0,35000.0,18050.0,1700.0,79000.0,40350.0
YAMUNA,2494,"YAMUNA AT VISHRAMGHAT,
MATHURA",UTTAR PRADESH,15.0,36.0,25.5,3.4,6.2,4.8,7.1,7.8,7.449999999999999,,,,8.6,14.0,11.3,,,,52000.0,95000.0,73500.0,70000.0,110000.0,90000.0
YAMUNA,1124,"YAMUNA AT MATHURA D/S ,
U.P.",UTTAR PRADESH,,,,3.5,6.8,5.15,7.1,7.8,7.449999999999999,556.0,1760.0,1158.0,7.1,15.0,11.05,0.0,2.0,1.0,7800.0,240000.0,123900.0,22000.0,920000.0,471000.0
YAMUNA,1125,"YAMUNA AT AGRA U/S, U.P.",UTTAR PRADESH,,,,1.1,7.4,4.25,7.1,7.9,7.5,604.0,1790.0,1197.0,4.5,15.0,9.75,0.0,4.7,2.35,930.0,17000.0,8965.0,1400.0,28000.0,14700.0
YAMUNA,1126,"YAMUNA AT D/S OF AGRA,
U.P.",UTTAR PRADESH,,,,0.5,12.6,6.55,7.0,7.9,7.45,512.0,2000.0,1256.0,5.0,21.0,13.0,0.2,3.5,1.85,200.0,79000.0,39600.0,2600.0,140000.0,71300.0
YAMUNA,1498,"YAMUNA AT BATESWAR, U.P",UTTAR PRADESH,,,,3.0,16.9,9.95,6.9,8.9,7.9,502.0,1770.0,1136.0,4.7,21.0,12.85,0.4,7.2,3.8,2.0,79000.0,39501.0,2.0,350000.0,175001.0
YAMUNA,1127,"YAMUNA AT ETAWAH, U.P.",UTTAR PRADESH,,,,4.6,16.2,10.4,6.9,8.9,7.9,440.0,1720.0,1080.0,4.2,18.0,11.1,0.3,10.1,5.2,2.0,24000.0,12001.0,49.0,92000.0,46024.5
YAMUNA,1499,"YAMUNA AT JUHIKA B/C WITH
CHAMBAL, ETAWAH, U.P",UTTAR PRADESH,,,,6.8,11.4,9.1,7.3,8.5,7.9,327.0,1220.0,773.5,2.1,12.0,7.05,0.2,3.6,1.9,2.0,110000.0,55001.0,22.0,920000.0,460011.0
YAMUNA,2283,YAMUNA AT HAMIRPUR,UTTAR PRADESH,,,,8.8,9.6,9.2,7.9,8.2,8.05,630.0,1092.0,861.0,5.6,5.7,5.65,,0.8,,450.0,790.0,620.0,450.0,790.0,620.0
YAMUNA,1069,"YAMUNA AT ALLAHABAD D/S (BALUA GHAT), U.P",UTTAR PRADESH,22.7,33.0,27.85,6.8,11.7,9.25,7.4,8.3,7.85,5.0,452.0,228.5,1.9,2.6,2.25,1.3,1.5,1.4,1700.0,7900.0,4800.0,4600.0,14000.0,9300.0
MAHANADI,1851,"MAHANADI AT SIHAWA, CHHATISGARH.",CHHATTISGARH,23.0,29.0,26.0,6.2,6.8,6.5,7.2,7.8,7.5,308.0,358.0,333.0,,,,,,,,,,,,
MAHANADI,1264,"MAHANADI AT RUDRI U/S AT DHAMTORI RESERVOIR,
CHHATISGARH.",CHHATTISGARH,23.0,28.0,25.5,6.4,7.1,6.75,7.2,7.8,7.5,292.0,346.0,319.0,,,,,,,,,,,,
MAHANADI,1099,"MAHANADI AT U/S OF RAJIM,
CHHATISGARH.",CHHATTISGARH,22.0,33.0,27.5,5.6,7.4,6.5,7.3,7.8,7.55,310.0,496.0,403.0,,,,,,,,,,,,
MAHANADI,1852,"MAHANADI AT ARRANG,
RAIPUR, CHHATISGARH.",CHHATTISGARH,24.0,30.0,27.0,6.1,6.8,6.449999999999999,7.8,7.8,7.8,324.0,432.0,378.0,,,,,,,,,,,,
MAHANADI,1100,"MAHANADI AT KHARAD, CHHATISGARH.",CHHATTISGARH,23.2,39.5,31.35,7.2,8.8,8.0,8.0,8.6,8.3,176.0,2420.0,1298.0,1.4,3.2,2.3,2.2,4.8,3.5,4.0,109.0,56.5,21.0,350.0,185.5
MAHANADI,1282,"MAHANADI AT SHEORINARAYAN VILLAGE,
CHHATISGARH.",CHHATTISGARH,3.4,39.5,21.45,6.4,8.6,7.5,8.4,8.5,8.45,184.0,395.0,289.5,1.6,3.6,2.6,0.3,7.2,3.75,21.0,112.0,66.5,33.0,350.0,191.5
MAHANADI,1467,"MAHANADI AFTER CONFL. WITH RIVER MAND,
CHHATISGARH.",CHHATTISGARH,23.0,39.6,31.3,6.5,8.3,7.4,7.6,8.6,8.1,202.0,494.0,348.0,1.8,3.8,2.8,3.1,7.8,5.45,17.0,128.0,72.5,50.0,380.0,215.0
MAHANADI,3168,"MAHANADI AT DOWNSTREAM OF HASDEO RIVER NEAR URGA VILLAGE KORBA,
CHHATISGARH.",CHHATTISGARH,25.4,26.3,25.85,6.0,7.0,6.5,7.1,7.2,7.15,,,,1.0,2.0,1.5,,,,4.0,280.0,142.0,11.0,2500.0,1255.5
MAHANADI,1101,"MAHANADI AT INTERSTATE BOUNDRY, CHHATISGARH.",CHHATTISGARH,7.4,28.0,17.7,6.7,7.3,7.0,7.1,7.6,7.35,191.0,212.0,201.5,1.6,3.4,2.5,0.8,1.1,0.95,1.8,21.0,11.4,58.0,110.0,84.0
MAHANADI,1281,MAHANADI AT HIRAKUD RESERVOIR,ODISHA,20.0,32.0,26.0,7.0,8.6,7.8,7.3,8.4,7.85,152.0,213.0,182.5,0.2,2.9,1.55,0.1,1.0,0.55,1.8,940.0,470.9,78.0,2200.0,1139.0
MAHANADI,1270,"MAHANADI AT SAMBALPUR
U/S",ODISHA,22.0,34.0,28.0,6.2,8.2,7.199999999999999,6.7,7.8,7.25,145.0,246.0,195.5,0.5,1.2,0.85,0.1,0.5,0.3,1.8,1100.0,550.9,45.0,4900.0,2472.5
MAHANADI,1271,"MAHANADI AT SAMBALPUR
D/S",ODISHA,22.0,33.0,27.5,6.6,7.8,7.199999999999999,6.7,8.3,7.5,150.0,264.0,207.0,0.2,1.9,1.05,0.1,0.5,0.3,1.8,4900.0,2450.9,130.0,35000.0,17565.0
MAHANADI,2405,MAHANADI AT SAMBHALPUR FD/s AT HUMA,ODISHA,19.0,32.0,25.5,6.8,8.2,7.5,7.0,8.2,7.6,152.0,249.0,200.5,0.3,2.9,1.6,0.1,1.1,0.6000000000000001,1.8,1700.0,850.9,20.0,3500.0,1760.0
MAHANADI,1272,"MAHANADI D/S (AFTER CONFL. WITH R. ONG
SONEPUR U/S)",ODISHA,21.0,33.0,27.0,6.6,8.2,7.399999999999999,7.0,8.3,7.65,156.0,285.0,220.5,0.3,1.0,0.65,0.1,0.8,0.45,1.8,460.0,230.9,78.0,3500.0,1789.0
MAHANADI,1274,MAHANADI A/c WITH TEL (SONEPUR D/S),ODISHA,21.0,33.0,27.0,6.2,7.8,7.0,7.0,8.2,7.6,159.0,271.0,215.0,0.4,2.3,1.35,0.1,3.3,1.7,1.8,1700.0,850.9,78.0,3500.0,1789.0
MAHANADI,2404,MAHANADI POWER CHANNEL D/S NEAR BURLA,ODISHA,20.0,33.0,26.5,6.0,8.2,7.1,6.6,7.9,7.25,139.0,215.0,177.0,0.4,1.3,0.8500000000000001,0.1,0.7,0.3999999999999999,1.8,700.0,350.9,110.0,1300.0,705.0
MAHANADI,2406,"MAHANADI AT MUNDALI (WATER INTAKE POINT OF
BHUBANESWAR CITY)",ODISHA,18.0,37.0,27.5,6.4,8.9,7.65,6.6,8.3,7.45,154.0,244.0,199.0,0.3,1.3,0.8,0.1,0.4,0.25,1.8,1300.0,650.9,170.0,3500.0,1835.0
MAHANADI,3887,"MAHANADI AT SAMBALPUR
FD/S T SHANKARMATH",ODISHA,18.0,31.0,24.5,6.4,7.8,7.1,7.0,7.7,7.35,153.0,269.0,211.0,0.3,1.6,0.95,0.1,0.7,0.3999999999999999,1.8,4900.0,2450.9,110.0,22000.0,11055.0
MAHANADI,1275,MAHANADI AT TIKARPADA,ODISHA,21.0,29.0,25.0,6.2,8.6,7.4,6.7,8.3,7.5,157.0,233.0,195.0,0.3,0.9,0.6,0.1,1.2,0.65,8.0,490.0,249.0,49.0,1300.0,674.5
MAHANADI,1276,MAHANADI AT NARSINGHPUR,ODISHA,16.0,37.0,26.5,6.2,9.2,7.699999999999999,6.6,8.3,7.45,155.0,241.0,198.0,0.3,1.7,1.0,0.1,1.2,0.65,1.8,3300.0,1650.9,230.0,7900.0,4065.0
MAHANADI,1277,MAHANADI AT CUTTACK U/S,ODISHA,20.0,38.0,29.0,6.4,9.1,7.75,6.7,8.3,7.5,152.0,216.0,184.0,0.4,1.0,0.7,0.1,0.3,0.2,20.0,1300.0,660.0,20.0,3300.0,1660.0
MAHANADI,1278,MAHANADI AT CUTTACK D/S,ODISHA,18.0,34.0,26.0,6.2,8.7,7.449999999999999,6.9,8.0,7.45,147.0,264.0,205.5,0.5,1.8,1.15,0.1,0.6,0.35,45.0,7900.0,3972.5,78.0,17000.0,8539.0
MAHANADI,3888,"MAHANADI POWER CHANNEL
U/S",ODISHA,21.0,33.0,27.0,6.2,8.2,7.199999999999999,7.2,8.2,7.699999999999999,141.0,224.0,182.5,0.4,1.3,0.8500000000000001,0.1,2.1,1.1,1.8,700.0,350.9,220.0,1100.0,660.0
MAHANADI,3890,"MAHANADI AT CUTTACK FD/S
AT GATIRAUTAPATNA",ODISHA,18.0,33.0,25.5,7.3,9.3,8.3,6.9,8.0,7.45,148.0,916.0,532.0,0.4,1.5,0.95,0.1,0.3,0.2,1.8,3300.0,1650.9,490.0,13000.0,6745.0
MAHANADI,2407,"MAHANADI AT PARADEEP U/S (BEFORE INDUSTRIAL ACTIVITY
AT PARADEEP)",ODISHA,23.0,33.0,28.0,6.0,9.0,7.5,6.8,8.2,7.5,158.0,13540.0,6849.0,0.2,1.9,1.05,0.1,0.4,0.25,20.0,790.0,405.0,78.0,2200.0,1139.0
MAHANADI,1639,MAHANADI AT PARADEEP D/s,ODISHA,21.0,35.0,28.0,5.8,9.0,7.4,7.1,8.2,7.649999999999999,238.0,44020.0,22129.0,0.5,1.5,1.0,0.1,0.6,0.35,1.8,490.0,245.9,78.0,1100.0,589.0
GODAVARI,1095,"GODAVARI AT U/S OF GANGAPUR DAM, NASHIK",MAHARASHTRA,20.0,30.0,25.0,5.7,6.5,6.1,6.9,7.9,7.4,198.0,782.0,490.0,2.2,4.4,3.3000000000000003,0.3,4.3,2.3,1.8,1.8,1.8,120.0,220.0,170.0
GODAVARI,2177,"GODAVARI RIVER NEAR SOMESHWAR TEMPLE,
SOMESHWAR, NASHIK",MAHARASHTRA,20.0,30.0,25.0,5.4,6.1,5.75,7.1,7.9,7.5,166.0,1226.0,696.0,2.4,5.6,4.0,0.3,6.7,3.5,1.8,12.0,6.9,120.0,540.0,330.0
GODAVARI,2179,"GODAVARI RIVER AT HANUMAN GHAT, NASHIK
CITY, NASHIK",MAHARASHTRA,20.0,30.0,25.0,5.2,6.3,5.75,7.4,8.0,7.7,145.0,789.0,467.0,3.0,9.2,6.1,0.3,6.2,3.25,1.8,11.0,6.4,140.0,540.0,340.0
GODAVARI,1096,"GODAVARI AT PANCHAVATI
AT RAMKUND,NASHIK",MAHARASHTRA,20.0,32.0,26.0,5.0,6.1,5.55,6.9,7.9,7.4,262.0,925.0,593.5,3.4,14.0,8.7,0.3,5.9,3.1,1.8,7.0,4.4,140.0,280.0,210.0
GODAVARI,1211,"GODAVARI AT NASIK D/S, GADGEBABA MAHARAJ
NAGAR, NASHIK",MAHARASHTRA,20.0,36.0,28.0,5.3,6.3,5.8,7.2,7.9,7.550000000000001,154.0,943.0,548.5,3.4,9.8,6.6000000000000005,0.3,5.8,3.05,2.0,9.0,5.5,170.0,280.0,225.0
GODAVARI,2180,"GODAVARI RIVER AT TAPOVAN, TAPOVAN, NASHIK",MAHARASHTRA,20.0,36.0,28.0,3.8,6.2,5.0,6.9,7.9,7.4,241.0,892.0,566.5,3.4,27.0,15.2,0.3,5.5,2.9,2.0,12.0,7.0,210.0,540.0,375.0
GODAVARI,2181,"GODAVARI RIVER AT KAPILA- GODAVARI CONFLUENCE
POINT, TAPOVAN, NASHIK",MAHARASHTRA,20.0,24.0,22.0,3.8,6.1,4.949999999999999,7.0,7.7,7.35,179.0,864.0,521.5,3.8,28.0,15.9,0.3,9.0,4.65,2.0,11.0,6.5,200.0,540.0,370.0
GODAVARI,2182,"GODAVARI RIVER AT
SAIKHEDA, NIPHAD, NASHIK",MAHARASHTRA,14.0,32.0,23.0,5.2,6.4,5.800000000000001,6.9,7.9,7.4,214.0,985.0,599.5,3.2,5.6,4.4,0.3,6.4,3.35,1.8,2.0,1.9,150.0,280.0,215.0
GODAVARI,2183,"GODAVARI RIVER AT NANDUR- MADMESHWAR DAM,
NANDUR, NASHIK",MAHARASHTRA,13.0,31.0,22.0,5.9,6.7,6.300000000000001,7.0,8.0,7.5,179.0,1024.0,601.5,2.8,4.6,3.7,0.3,7.5,3.9,1.8,6.8,4.3,140.0,240.0,190.0
GODAVARI,1312,"GODAVARI AT JAYAKWADI DAM,
PAITHAN,AURANAGABAD",MAHARASHTRA,15.0,28.0,21.5,5.9,7.5,6.7,7.2,8.2,7.699999999999999,76.0,1344.0,710.0,2.4,4.5,3.45,0.1,1.3,0.7000000000000001,2.0,4.5,3.25,23.0,140.0,81.5
GODAVARI,2158,"GODAVARI RIVER AT U/S OF PAITHAN AT PAITHAN INTAKE PUMP HOUSE AT JAYAKWADI,
PAITHAN, AURANGABAD",MAHARASHTRA,15.0,28.0,21.5,5.3,7.4,6.35,7.7,8.2,7.949999999999999,61.0,1308.0,684.5,2.0,4.5,3.25,0.2,1.3,0.75,2.0,6.8,4.4,27.0,180.0,103.5
GODAVARI,2159,"GODAVARI RIVER AT D/S OF PAITHAN AT PATHEGAON BRIDGE, PATHEGAON,
PAITHAN, AURANGABAD",MAHARASHTRA,14.0,30.0,22.0,5.2,7.3,6.25,7.5,8.3,7.9,103.0,1317.0,710.0,2.4,4.5,3.45,0.3,1.2,0.75,2.0,4.0,3.0,21.0,140.0,80.5
GODAVARI,12,"GODAVARI AT DHALEGAON, PATHARI, PARBHANI",MAHARASHTRA,18.0,36.0,27.0,6.02,7.42,6.72,7.3,8.4,7.85,350.0,19600.0,9975.0,2.0,4.0,3.0,0.3,3.33,1.815,2.0,17.0,9.5,58.0,140.0,99.0
GODAVARI,2160,"GODAVARI RIVER AT U/S OF AURANGABAD RESERVOIR, KAIGAON TOKKA NEAR KAIGAON BRIDGE,KAIGAON,
GANGAPUR, AURANGABAD",MAHARASHTRA,14.0,28.0,21.0,5.0,7.3,6.15,7.2,8.2,7.699999999999999,338.0,20360.0,10349.0,2.6,6.5,4.55,0.3,3.3,1.7999999999999998,2.0,11.0,6.5,70.0,170.0,120.0
GODAVARI,2161,"GODAVARI RIVER AT JALNA INTAKE WATER PUMP HOUSE,
SHAHABAD, AMBAD, JALNA",MAHARASHTRA,21.0,30.0,25.5,5.7,7.3,6.5,7.2,8.5,7.85,175.0,1129.0,652.0,2.1,6.5,4.3,0.1,1.1,0.6000000000000001,2.0,4.5,3.25,33.0,170.0,101.5
GODAVARI,2157,"GODAVARI RIVER AT LATUR WATER INTAKE NEAR PUMP HOUSE AT DHAMEGAON,
KALUMB, OSMANABAD",MAHARASHTRA,16.0,38.0,27.0,5.6,7.4,6.5,7.4,8.0,7.7,392.0,58960.0,29676.0,2.2,6.5,4.35,0.2,4.9,2.5500000000000003,2.0,23.0,12.5,85.0,240.0,162.5
GODAVARI,1210,"GODAVARI AT VISHNUPURI,NANDED,
NANDED",MAHARASHTRA,18.0,40.0,29.0,4.9,7.4,6.15,7.0,8.1,7.55,381.0,21860.0,11120.5,2.4,5.0,3.7,0.2,3.6,1.9,2.0,4.0,3.0,43.0,130.0,86.5
GODAVARI,1209,"GODAVARI AT RAHER, NAYAGAON, NANDED",MAHARASHTRA,18.0,26.0,22.0,4.3,7.4,5.85,7.4,8.2,7.8,395.0,755.0,575.0,2.6,6.5,4.55,0.3,1.1,0.7000000000000001,2.0,6.8,4.4,41.0,170.0,105.5
GODAVARI,2360,"GODAVARI AT BASARA, ADILABAD",TELANGANA,16.0,28.0,22.0,5.9,7.6,6.75,6.8,8.3,7.550000000000001,387.0,656.0,521.5,1.9,15.0,8.45,3.2,12.2,7.699999999999999,1.8,2.0,1.9,10.0,36.0,23.0
GODAVARI,2361,"GODAVARI AT MANCHERIAL, NEAR RLY BDG B/C OF
RALLAVAGU",TELANGANA,3.0,30.0,16.5,4.8,8.9,6.85,7.2,8.3,7.75,151.0,672.0,411.5,2.0,3.0,2.5,0.3,1.7,1.0,1.8,4.0,2.9,26.0,60.0,43.0
GODAVARI,13,GODAVARI AT MANCHERIAL,TELANGANA,24.0,30.0,27.0,4.5,6.0,5.25,7.4,8.4,7.9,70.0,771.0,420.5,3.0,8.0,5.5,0.19,3.6,1.895,1.8,1.8,1.8,32.0,40.0,36.0
GODAVARI,2362,"GODAVARI AT RAMAGUNDAM D/S, NEAR FCI INTAKE WELL,
KARIMNAGAR",TELANGANA,24.0,30.0,27.0,3.8,5.8,4.8,7.3,8.3,7.800000000000001,489.0,787.0,638.0,3.0,18.0,10.5,0.1,3.0,1.55,1.8,1.8,1.8,25.0,33.0,29.0
GODAVARI,2363,"GODAVARI AT GODAVARIKHANI, NEAR
BATHING GHAT, KARIMNAGAR",TELANGANA,25.0,30.0,27.5,4.4,5.4,4.9,7.1,8.1,7.6,476.0,1197.0,836.5,3.0,16.0,9.5,1.4,4.8,3.1,1.8,1.8,1.8,26.0,52.0,39.0
GODAVARI,2364,"GODAVARI AT RAMAGUNDAM
U/S , KARIMNAGAR",TELANGANA,23.0,30.0,26.5,4.0,6.2,5.1,7.4,8.3,7.85,476.0,694.0,585.0,3.0,12.0,7.5,0.4,4.9,2.6500000000000004,1.8,1.8,1.8,12.0,33.0,22.5
GODAVARI,2356,"GODAVARI, D/S OF RAMANUGUNDAM,
MANTHANI",TELANGANA,25.0,29.0,27.0,4.0,5.3,4.65,7.4,8.2,7.8,508.0,1161.0,834.5,3.0,24.0,13.5,1.2,6.8,4.0,1.8,1.8,1.8,20.0,70.0,45.0
GODAVARI,2365,"GODAVARI AT KAMALPUR U/S M/S AP RAYONS LTD. INTAKE
WELL, WARANGAL",TELANGANA,25.0,30.0,27.5,5.2,6.6,5.9,7.2,8.2,7.699999999999999,268.0,478.0,373.0,2.0,10.0,6.0,0.4,4.4,2.4000000000000004,1.8,1.8,1.8,24.0,60.0,42.0
GODAVARI,2367,"GODAVARI AT BHADRACHALAM U/S
BATHING GHAT, KHAMMAM",TELANGANA,24.0,36.0,30.0,5.0,6.2,5.6,7.4,8.2,7.8,304.0,456.0,380.0,2.2,12.0,7.1,0.3,4.5,2.4,1.8,1.8,1.8,14.0,14.0,14.0
GODAVARI,2369,"GODAVARI AT
BURGAMPAHAD, KHAMMAM",TELANGANA,23.0,35.0,29.0,5.0,6.2,5.6,7.4,8.1,7.75,235.0,532.0,383.5,3.0,10.0,6.5,0.3,4.9,2.6,1.8,1.8,1.8,24.0,26.0,25.0
GODAVARI,2366,"GODAVARI AT KAMALPUR D/S AT M/S. AP RAYONS LTD. DISCHARGE POINT,
WARANGAL",TELANGANA,25.0,30.0,27.5,4.8,6.0,5.4,7.1,8.4,7.75,292.0,502.0,397.0,3.0,4.0,3.5,0.2,2.2,1.2000000000000002,1.8,1.8,1.8,32.0,102.0,67.0
GODAVARI,2368,"GODAVARI AT BHADRACHALAM D/S
BATHING GHAT, KHAMMAM",TELANGANA,24.0,36.0,30.0,4.3,6.0,5.15,7.3,8.3,7.800000000000001,310.0,510.0,410.0,3.0,16.0,9.5,0.3,4.6,2.45,1.8,1.8,1.8,20.0,38.0,29.0
GODAVARI,1218,"GODAVARI AT RAJAHMUNDRY U/s, KUMARADEVAM, EAST
GODAVARI",ANDHRA PRADESH,25.0,33.0,29.0,5.6,8.1,6.85,7.1,8.3,7.7,137.0,291.0,214.0,1.2,2.5,1.85,0.2,5.7,2.95,4.0,11.0,7.5,39.0,150.0,94.5
GODAVARI,1219,"GODAVARI AT RAJAHMUNDRY D/s, DHAVALESWARAM, EAST
GODAVARI",ANDHRA PRADESH,25.0,35.0,30.0,6.0,8.0,7.0,6.6,8.3,7.45,163.0,262.0,212.5,1.0,2.6,1.8,0.4,4.4,2.4000000000000004,7.0,20.0,13.5,75.0,210.0,142.5
GODAVARI,2370,"GODAVARI AT RAJAMUNDRY U/s OF NALLA CHANNEL, EAST
GODAVARI DISTRICT",ANDHRA PRADESH,25.0,34.0,29.5,5.1,7.8,6.449999999999999,6.4,8.6,7.5,187.0,298.0,242.5,1.2,2.5,1.85,0.4,3.1,1.75,4.0,15.0,9.5,69.0,240.0,154.5
GODAVARI,2371,"GODAVARI AT RAJAMUNDRY D/s OF NALLA CHANNEL, EAST
GODAVARI DISTRICT",ANDHRA PRADESH,25.0,34.0,29.5,5.7,7.7,6.7,6.5,8.4,7.45,172.0,329.0,250.5,1.5,2.4,1.95,0.4,3.9,2.15,7.0,28.0,17.5,75.0,460.0,267.5
GODAVARI,14,"GODAVARI AT POLAVARAM, WEST GODAVARI DISTRICT",ANDHRA PRADESH,25.0,34.0,29.5,5.9,8.5,7.2,7.1,8.4,7.75,147.0,284.0,215.5,1.0,2.4,1.7,0.27,6.03,3.1500000000000004,5.0,14.0,9.5,45.0,150.0,97.5
KRISHNA,1194,"KRISHNA AT MAHABALESHWAR DHOM DAM NEAR KOINA DAM,
MAHABALESHWAR, SATARA",MAHARASHTRA,22.0,31.5,26.75,2.9,6.9,4.9,7.1,8.2,7.649999999999999,82.0,1174.0,628.0,1.8,11.0,6.4,0.3,3.3,1.7999999999999998,7.0,195.0,101.0,45.0,1600.0,822.5
KRISHNA,2190,"KRISHNA RIVER AT WAI,
SATARA",MAHARASHTRA,22.0,30.0,26.0,3.6,6.5,5.05,7.3,8.5,7.9,88.0,715.0,401.5,2.8,7.2,5.0,,,,45.0,275.0,160.0,550.0,1800.0,1175.0
KRISHNA,2187,"KRISHNA RIVER AT KSHETRA MAHULI, MAHULI, SATARA",MAHARASHTRA,20.0,26.0,23.0,3.7,6.4,5.050000000000001,7.3,8.7,8.0,161.0,625.0,393.0,3.0,8.0,5.5,0.2,5.8,3.0,95.0,350.0,222.5,900.0,1800.0,1350.0
KRISHNA,2188,"KRISHNA RIVER AT KRISHNA- VENNA SANGAM AT MAHULI,
SATARA",MAHARASHTRA,19.5,25.0,22.25,3.8,6.6,5.199999999999999,7.2,8.6,7.9,182.0,641.0,411.5,2.6,6.5,4.55,,,,50.0,550.0,300.0,550.0,1800.0,1175.0
KRISHNA,36,"KRISHNA AT KRISHNA BRIDGE, KARAD, KARAD, SATARA",MAHARASHTRA,22.0,30.0,26.0,3.6,6.7,5.15,7.3,8.5,7.9,77.0,638.0,357.5,2.8,7.0,4.9,0.3,4.8,2.55,17.0,350.0,183.5,350.0,1800.0,1075.0
KRISHNA,1906,"KRISHNA D/S OF ISLAMPUR, WALWA, SANGLI",MAHARASHTRA,21.0,28.0,24.5,5.7,7.0,6.35,7.3,8.1,7.699999999999999,64.0,854.0,459.0,1.8,2.8,2.3,2.0,3.4,2.7,4.0,14.0,9.0,34.0,150.0,92.0
KRISHNA,1153,"KRISHNA AT RAJAPUR WEIR,
RAJAPUR, SHIROL, KOHLAPUR",MAHARASHTRA,20.0,28.0,24.0,5.7,7.1,6.4,7.1,8.2,7.649999999999999,158.0,952.0,555.0,2.0,2.6,2.3,0.1,2.8,1.45,6.1,17.0,11.55,39.0,140.0,89.5
KRISHNA,37,"KRISHNA AT GAWALI GALLY,MIRAJ,SANGLI",MAHARASHTRA,22.0,23.0,22.5,5.2,7.0,6.1,7.1,8.3,7.7,175.0,957.0,566.0,1.8,2.8,2.3,0.3,3.99,2.145,4.5,12.0,8.25,40.0,120.0,80.0
KRISHNA,1310,"KRISHNA AT KURUNDWAD, SHIROL, KOLHAPUR",MAHARASHTRA,21.0,28.0,24.5,6.0,7.0,6.5,6.8,8.2,7.5,101.0,2471.0,1286.0,1.8,2.4,2.1,0.1,2.6,1.35,2.0,12.0,7.0,23.0,130.0,76.5
KRISHNA,1889,"KRISHNA - ANKALI BRIDGE ALONG CHIKKODI KAGWAD
ROAD",KARNATAKA,22.0,30.0,26.0,7.0,8.1,7.55,7.3,8.3,7.800000000000001,271.0,1260.0,765.5,0.7,2.4,1.5499999999999998,3.1,10.3,6.7,500.0,1800.0,1150.0,1600.0,3200.0,2400.0
KRISHNA,1182,"KRISHNA AT U/S OF
UGARKHURD BARRAGE,",KARNATAKA,22.0,28.0,25.0,6.9,8.7,7.8,7.5,8.4,7.95,270.0,998.0,634.0,1.0,3.6,2.3,2.6,9.3,5.95,220.0,1800.0,1010.0,900.0,3200.0,2050.0
KRISHNA,2781,"KRISHNA AT D/S OF ALAMATTI
DAM,",KARNATAKA,28.0,34.0,31.0,5.4,10.0,7.7,7.4,9.4,8.4,392.0,3360.0,1876.0,0.2,4.7,2.45,0.5,46.3,23.4,170.0,1000.0,585.0,500.0,1800.0,1150.0
KRISHNA,1181,"KRISHNA AT D/S OF
NARAYANPURA DAM,",KARNATAKA,26.0,34.0,30.0,5.3,10.1,7.699999999999999,7.5,9.5,8.5,390.0,3300.0,1845.0,0.1,4.4,2.25,0.4,44.8,22.6,170.0,1800.0,985.0,500.0,3200.0,1850.0
KRISHNA,1028,"KRISHNA AT TINTINI BRIDGE,",KARNATAKA,27.0,29.0,28.0,6.6,7.6,7.1,8.0,8.5,8.25,350.0,926.0,638.0,2.0,2.6,2.3,0.2,0.37,0.285,110.0,350.0,230.0,540.0,1600.0,1070.0
KRISHNA,1170,"KRISHNA AT D/S OF DEVASAGAR BDG.,",KARNATAKA,26.0,31.0,28.5,7.0,7.8,7.4,8.1,8.6,8.35,470.0,2000.0,1235.0,2.5,64.0,33.25,0.2,0.3,0.25,220.0,470.0,345.0,920.0,2200.0,1560.0
KRISHNA,1784,"KRISHNA AT THANGADI , MAHABOOBNAGAR DIST.",TELANGANA,25.0,30.0,27.5,4.0,6.2,5.1,7.6,8.5,8.05,456.0,1062.0,759.0,3.0,3.0,3.0,0.2,1.8,1.0,1.8,1.8,1.8,20.0,20.0,20.0
KRISHNA,39,KRISHNA AT GADWAL BRIDGE,TELANGANA,26.0,30.0,28.0,4.6,6.1,5.35,7.5,8.5,8.0,372.0,982.0,677.0,0.4,3.0,1.7,0.1,2.4,1.25,1.8,1.8,1.8,22.0,22.0,22.0
KRISHNA,1465,"KRISHNA AT WADAPALLY AFTER CONFL. WITH R.
MUSI(SHIFTED FROM 1220)",TELANGANA,18.0,23.0,20.5,5.9,7.4,6.65,6.7,7.6,7.15,467.0,1299.0,883.0,2.0,3.0,2.5,6.3,36.4,21.35,1.8,1.8,1.8,41.0,48.0,44.5
KRISHNA,1175,"KRISHNA A/c WITH TUNGABHADRA, SANGAMESHWARAM,
KURNOOL",ANDHRA PRADESH,16.0,27.0,21.5,5.8,7.2,6.5,6.6,7.9,7.25,243.0,834.0,538.5,0.7,2.5,1.6,0.5,6.1,3.3,1.8,200.0,100.9,500.0,1100.0,800.0
KRISHNA,1786,"KRISHNA AT VEDADRI,
KURNOOL",ANDHRA PRADESH,22.0,28.0,25.0,7.0,7.5,7.25,7.4,7.9,7.65,369.0,980.0,674.5,0.8,1.8,1.3,0.4,1.6,1.0,1.8,3.0,2.4,120.0,1300.0,710.0
KRISHNA,3083,"KRISHNA D/S OF SRISHAILAM,
KURNOOL",ANDHRA PRADESH,14.0,25.0,19.5,5.2,7.2,6.2,7.1,7.8,7.449999999999999,263.0,514.0,388.5,0.8,1.8,1.3,0.6,1.4,1.0,1.8,300.0,150.9,200.0,1600.0,900.0
KRISHNA,3079,"D/S OF RIVER KRISHNA A/C WITH TREATED SEWAGE DISCHARGING FROM 10mLD STP LOCATED AT RAMALINGESHWARNAGAR,
VIJAYAWADA, KRISHNA",ANDHRA PRADESH,26.0,27.0,26.5,7.2,7.4,7.300000000000001,7.6,8.5,8.05,354.0,698.0,526.0,0.8,1.2,1.0,0.3,0.4,0.35,2.0,2.0,2.0,210.0,920.0,565.0
KRISHNA,1787,"KRISHNA AT AMARAVATI,
GUNTUR",ANDHRA PRADESH,18.0,24.0,21.0,7.0,7.5,7.25,7.3,7.9,7.6,218.0,784.0,501.0,0.8,1.4,1.1,0.2,1.7,0.95,1.8,3.0,2.4,150.0,800.0,475.0
KRISHNA,25,"KRISHNA AT VIJAYWADA,
KRISHNA",ANDHRA PRADESH,22.0,28.0,25.0,7.0,7.4,7.2,7.1,8.0,7.55,286.0,1041.0,663.5,0.8,1.6,1.2000000000000002,0.36,1.36,0.8600000000000001,1.8,3.0,2.4,210.0,800.0,505.0
KRISHNA,1782,"KRISHNA AT HAMSALADEEVI PULIGADDA AQUEDUCT NEAR
AVANIGADDA(V)",ANDHRA PRADESH,25.0,31.0,28.0,4.9,6.0,5.45,7.1,7.9,7.5,21320.0,38100.0,29710.0,1.8,2.6,2.2,0.7,1.1,0.9,2.0,4.0,3.0,130.0,1600.0,865.0
CAUVERY,1198,"CAUVERY AT NAPOKULU BDG (D/S),",KARNATAKA,18.0,28.0,23.0,6.4,7.4,6.9,6.5,8.0,7.25,47.0,129.0,88.0,1.0,1.5,1.25,0.1,0.4,0.25,34.0,93.0,63.5,210.0,410.0,310.0
CAUVERY,1195,"CAUVERY AT KUSHAL NAGAR U/S (NEAR BAICHANAHALLI),",KARNATAKA,20.0,29.0,24.5,7.0,7.5,7.25,6.7,8.0,7.35,54.0,209.0,131.5,1.0,1.4,1.2,0.2,0.6,0.4,40.0,130.0,85.0,210.0,470.0,340.0
CAUVERY,33,"CAUVERY AT KRS DAM, BALAMURIKSHETRA",KARNATAKA,22.0,28.0,25.0,6.0,7.4,6.7,7.7,8.4,8.05,125.0,327.0,226.0,1.2,2.6,1.9,0.5,0.81,0.655,120.0,390.0,255.0,940.0,1500.0,1220.0
CAUVERY,1171,"CAUVERY AT SRI RANGAPATTANNA, D/S OF
ROAD BDG.,",KARNATAKA,21.0,27.0,24.0,5.8,7.3,6.55,7.5,8.3,7.9,122.0,381.0,251.5,1.1,2.4,1.75,0.5,1.4,0.95,210.0,630.0,420.0,1300.0,2100.0,1700.0
CAUVERY,1386,"CAUVERY AT D/S OF
KAREKUARA VILLAGE,",KARNATAKA,20.0,26.0,23.0,6.0,7.3,6.65,7.9,8.3,8.100000000000001,156.0,335.0,245.5,1.2,2.4,1.7999999999999998,0.5,0.9,0.7,130.0,400.0,265.0,840.0,2000.0,1420.0
CAUVERY,34,"CAUVERY AT SATHYAGALAM
BRIDGE",KARNATAKA,23.0,30.0,26.5,6.0,7.3,6.65,7.5,8.4,7.95,205.0,428.0,316.5,1.2,2.5,1.85,0.4,2.1,1.25,170.0,490.0,330.0,940.0,1400.0,1170.0
CAUVERY,2773,"CAUVERY AT BANNUR BRIDGE,",KARNATAKA,24.0,29.0,26.5,5.3,7.2,6.25,7.9,8.3,8.100000000000001,183.0,432.0,307.5,1.2,3.0,2.1,0.6,1.5,1.05,210.0,330.0,270.0,940.0,1400.0,1170.0
CAUVERY,2774,"CAUVERY AT
RANGANATHITTU,",KARNATAKA,23.0,27.0,25.0,5.5,7.5,6.5,7.7,8.2,7.949999999999999,136.0,364.0,250.0,1.1,3.0,2.05,0.6,1.5,1.05,210.0,580.0,395.0,1100.0,1700.0,1400.0
CAUVERY,3566,"CAUVERY AT KRS DAM
MANDYA",KARNATAKA,23.0,28.0,25.5,6.1,7.3,6.699999999999999,7.6,8.3,7.95,119.0,339.0,229.0,1.2,2.5,1.85,0.5,1.1,0.8,130.0,340.0,235.0,940.0,1300.0,1120.0
CAUVERY,3568,"CAUVERY AT WATER SUPPLY INTAKE POINT TO
SRIRANGAPATNA TOWN",KARNATAKA,22.0,27.0,24.5,5.6,7.8,6.699999999999999,7.8,8.3,8.05,122.0,365.0,243.5,1.2,2.8,2.0,0.4,1.2,0.8,170.0,450.0,310.0,840.0,1700.0,1270.0
CAUVERY,3569,"CAUVERY AT WATER SUPPLY INTAKE POINT TO MANDYA
TOWN",KARNATAKA,21.0,27.0,24.0,6.0,7.3,6.65,7.5,8.3,7.9,122.0,379.0,250.5,1.1,2.8,1.95,0.5,1.5,1.0,140.0,450.0,295.0,940.0,2200.0,1570.0
CAUVERY,3570,"CAUVERY D/S OF KR NAGAR
BRIDGE",KARNATAKA,24.0,32.0,28.0,6.3,7.2,6.75,7.3,8.4,7.85,104.0,458.0,281.0,1.2,2.8,2.0,0.5,1.8,1.15,220.0,680.0,450.0,1200.0,2000.0,1600.0
CAUVERY,3571,CAUVERY U/S OF KR NAGAR,KARNATAKA,24.0,32.0,28.0,6.0,7.4,6.7,6.9,8.4,7.65,115.0,453.0,284.0,1.3,2.8,2.05,0.5,1.8,1.15,210.0,910.0,560.0,1100.0,2500.0,1800.0
CAUVERY,3573,CAUVERY D/S OF KUSHALANAGAR TOWN,KARNATAKA,20.0,30.0,25.0,6.7,7.3,7.0,7.1,7.8,7.449999999999999,61.0,300.0,180.5,1.1,1.8,1.4500000000000002,0.4,0.9,0.65,40.0,140.0,90.0,260.0,630.0,445.0
CAUVERY,3576,"CAUVERY AT WATER SUPPLY INTAKE POINT TO MYSORE
PUMP HOUSE",KARNATAKA,23.0,28.0,25.5,6.7,7.4,7.050000000000001,7.1,8.3,7.7,140.0,327.0,233.5,1.1,2.0,1.55,0.5,0.9,0.7,92.0,210.0,151.0,790.0,1200.0,995.0
CAUVERY,3578,"CAUVERY D/S OF MADDUR WATER SUPPLY TREATMENT
PLANT AT BACHALLI",KARNATAKA,20.0,28.0,24.0,5.3,7.8,6.55,7.6,8.3,7.95,133.0,427.0,280.0,1.3,3.0,2.15,0.3,1.5,0.9,210.0,910.0,560.0,940.0,2600.0,1770.0
CAUVERY,3579,CAUVERY AT WATER SUPPLY INTAKE POINT AT KOLLEGALA DASANAPURA,KARNATAKA,22.0,30.0,26.0,5.8,7.1,6.449999999999999,7.1,8.3,7.7,222.0,441.0,331.5,1.1,2.8,1.95,0.6,1.7,1.15,260.0,460.0,360.0,1100.0,2100.0,1600.0
CAUVERY,3581,CAUVERY AT WATER SUPPLY INTAKE POINT AT T K HALLI,KARNATAKA,19.0,28.0,23.5,5.8,7.7,6.75,7.2,8.3,7.75,107.0,428.0,267.5,1.1,2.6,1.85,0.5,1.7,1.1,93.0,430.0,261.5,740.0,1500.0,1120.0
CAUVERY,4109,CAUVERY RIVER BEFORE CONFLUENCE AT SANGAM,KARNATAKA,24.0,28.0,26.0,4.8,8.5,6.65,7.3,8.5,7.9,197.0,1382.0,789.5,3.0,5.0,4.0,0.1,2.5,1.3,32.0,6300.0,3166.0,240.0,54000.0,27120.0
CAUVERY,30052,CAUVERY AT AJJIBORE (BANGALORE),KARNATAKA,,,,7.2,7.2,7.2,7.9,7.9,7.9,542.0,542.0,542.0,,,,,,,12.0,12.0,12.0,130.0,130.0,130.0
CAUVERY,50,CAUVERY AT METTUR,TAMIL NADU,24.0,30.0,27.0,4.2,8.4,6.300000000000001,6.6,8.3,7.45,188.0,523.0,355.5,0.5,5.7,3.1,0.07,1.75,0.91,17.0,94.0,55.5,70.0,350.0,210.0
CAUVERY,51,CAUVERY AT PALLIPPALAYAM,TAMIL NADU,25.0,29.0,27.0,5.2,8.2,6.699999999999999,6.9,8.3,7.6,228.0,711.0,469.5,0.2,6.0,3.1,0.09,0.42,0.255,26.0,940.0,483.0,63.0,2200.0,1131.5
CAUVERY,1320,"CAUVERY AT ERODE NEAR
CHIRAPALAYAM, TAMILNADU",TAMIL NADU,28.0,40.0,34.0,0.6,8.3,4.45,7.0,8.3,7.65,184.0,1060.0,622.0,0.4,15.0,7.7,0.0,1.2,0.6,27.0,370.0,198.5,84.0,930.0,507.0
CAUVERY,1323,"CAUVERY AT VELORE NEAR KATTIPALAYAM, TAMILNADU",TAMIL NADU,25.0,34.0,29.5,5.0,8.8,6.9,7.1,8.7,7.899999999999999,217.0,934.0,575.5,0.1,3.4,1.75,0.1,0.7,0.3999999999999999,31.0,250.0,140.5,94.0,580.0,337.0
CAUVERY,3015,"CAUVERY AT PUGALUR,
KARUR, TAMILNADU",TAMIL NADU,24.0,30.0,27.0,5.8,7.9,6.85,6.9,8.4,7.65,237.0,1124.0,680.5,0.2,2.7,1.4500000000000002,0.1,0.9,0.5,63.0,220.0,141.5,170.0,490.0,330.0
CAUVERY,1324,"CAUVERY AT MOHANUR NEAR PATTAIPALAYAM, TAMILNADU",TAMIL NADU,24.0,33.0,28.5,5.1,8.7,6.9,7.2,8.7,7.949999999999999,274.0,1115.0,694.5,0.2,3.4,1.8,0.1,0.6,0.35,45.0,260.0,152.5,140.0,630.0,385.0
CAUVERY,1451,"CAUVERY AT THIRUMUKKUDAL-CONFL.
PT.OF R. AMRAVATI",TAMIL NADU,25.0,30.0,27.5,5.7,8.3,7.0,6.9,8.4,7.65,248.0,1127.0,687.5,0.1,2.4,1.25,0.1,0.9,0.5,61.0,270.0,165.5,210.0,790.0,500.0
CAUVERY,31,CAUVERY AT MUSIRI,TAMIL NADU,26.0,31.0,28.5,6.3,8.5,7.4,6.9,8.5,7.7,376.0,1259.0,817.5,0.6,3.9,2.25,0.377,1.703,1.04,78.0,330.0,204.0,220.0,840.0,530.0
CAUVERY,3016,"CAUVERY AT PETTAIVAITHALAI, TRICHY,
TAMILNADU",TAMIL NADU,27.0,32.0,29.5,6.2,8.6,7.4,7.3,8.5,7.9,463.0,577.0,520.0,0.2,2.8,1.5,0.4,2.3,1.35,120.0,330.0,225.0,280.0,1100.0,690.0
CAUVERY,1202,"CAUVERY AT TIRUCHIRAPPALLI U/S, TAMILNADU",TAMIL NADU,24.0,32.0,28.0,6.1,7.5,6.8,7.4,8.3,7.85,353.0,536.0,444.5,0.3,3.0,1.65,0.5,1.2,0.85,46.0,320.0,183.0,110.0,940.0,525.0
CAUVERY,1325,"CAUVERY AT TIRUCHIRAPPALLI D/S, TAMILNADU",TAMIL NADU,24.0,30.0,27.0,2.8,7.7,5.25,6.3,7.7,7.0,170.0,899.0,534.5,1.7,6.2,3.95,0.1,1.6,0.8500000000000001,7.0,700.0,353.5,12.0,2100.0,1056.0
CAUVERY,1203,"CAUVERY AT TRICHY, GRAND ANAICUT, TAMILNADU",TAMIL NADU,22.0,30.0,26.0,2.5,6.1,4.3,7.0,8.1,7.55,383.0,815.0,599.0,1.7,17.0,9.35,0.4,1.2,0.8,91.0,350.0,220.5,250.0,1600.0,925.0
CAUVERY,1206,"CAUVERY AT THANJAVUR, TAMILNADU",TAMIL NADU,20.0,25.0,22.5,5.6,7.6,6.6,7.4,8.4,7.9,277.0,509.0,393.0,1.6,5.2,3.4000000000000004,0.2,4.1,2.15,78.0,250.0,164.0,320.0,580.0,450.0
CAUVERY,3018,"CAUVERY AT MAYILADUTHURAI,
NAGAPATTINAM, TAMILNADU",TAMIL NADU,30.0,30.0,30.0,6.2,6.3,6.25,7.0,7.9,7.45,242.0,845.0,543.5,0.4,0.8,0.6000000000000001,0.4,4.5,2.45,11.0,11.0,11.0,2.0,25.0,13.5
CAUVERY,3012,"CAUVERY AT KOMARAPALAYAM,
NAMAKAL, TAMILNADU",TAMIL NADU,19.0,30.0,24.5,5.2,9.0,7.1,6.9,7.9,7.4,238.0,610.0,424.0,0.2,4.4,2.3000000000000003,0.1,1.1,0.6000000000000001,140.0,630.0,385.0,390.0,1700.0,1045.0
CAUVERY,3013,"CAUVERY AT URRACHIKOTTAI,
ERODE, TAMILNADU",TAMIL NADU,21.0,32.0,26.5,5.5,8.4,6.95,7.1,8.3,7.7,254.0,520.0,387.0,0.2,2.6,1.4,0.1,0.7,0.3999999999999999,21.0,170.0,95.5,58.0,430.0,244.0
CAUVERY,3014,"CAUVERY AT VAIRAPALAYAM, NAMAKAL, TAMILNADU",TAMIL NADU,23.0,29.0,26.0,5.3,8.5,6.9,6.7,8.2,7.449999999999999,195.0,534.0,364.5,0.3,3.4,1.85,0.1,1.1,0.6000000000000001,41.0,330.0,185.5,93.0,1100.0,596.5
CAUVERY,3017,"CAUVERY AT KUMBAKONAM,
THANJAVUR, TAMILNADU",TAMIL NADU,20.0,30.0,25.0,5.3,8.7,7.0,7.4,8.6,8.0,258.0,843.0,550.5,1.2,7.5,4.35,0.1,3.4,1.75,40.0,210.0,125.0,120.0,470.0,295.0
CAUVERY,1326,"CAUVERY AT COLEROON, TAMILNADU",TAMIL NADU,24.0,36.0,30.0,1.7,8.0,4.85,6.0,8.0,7.0,128.0,76900.0,38514.0,0.3,6.0,3.15,0.2,1.1,0.65,17.0,170.0,93.5,48.0,430.0,239.0
CAUVERY,1327,"CAUVERY AT PITCHAVARAM,
TAMILNADU",TAMIL NADU,22.0,37.0,29.5,4.1,7.7,5.9,6.3,7.9,7.1,100.0,26200.0,13150.0,0.8,6.1,3.45,0.1,3.3,1.7,12.0,260.0,136.0,38.0,630.0,334.0
CAUVERY,1322,"CAUVERY AT 1KM. D/S OF BHAVANI RIVER CONFL.,
TAMILNADU",TAMIL NADU,28.0,40.0,34.0,3.2,9.0,6.1,6.4,8.3,7.35,179.0,638.0,408.5,0.3,4.2,2.25,0.2,0.4,0.3,26.0,260.0,143.0,94.0,700.0,397.0
CAUVERY,4099,"CAUVERY RIVER D/S BARACHUKI FALLS,
SATHEGALA, KOLLEGALA",KARNATAKA,23.0,29.0,26.0,5.7,7.6,6.65,7.7,8.4,8.05,199.0,425.0,312.0,1.1,2.6,1.85,0.5,1.5,1.0,110.0,320.0,215.0,630.0,1500.0,1065.0
BRAHMAPUTRA,1030,"BRAHAMPUTRA AT
DIBRUGARH, ASSAM",ASSAM,13.0,29.0,21.0,5.2,9.1,7.15,7.1,8.0,7.55,47.0,216.0,131.5,1.1,2.2,1.65,0.8,2.3,1.5499999999999998,300.0,1100.0,700.0,360.0,4300.0,2330.0
BRAHMAPUTRA,1262,"BRAHAMPUTRA AT NIMATIGHAT, ASSAM",ASSAM,16.0,29.0,22.5,5.4,8.0,6.7,6.8,7.8,7.3,103.0,200.0,151.5,0.7,1.9,1.2999999999999998,0.3,1.3,0.8,1.8,360.0,180.9,300.0,930.0,615.0
BRAHMAPUTRA,1526,"BRAHMPUTRA RIVER AT DHENUKHAPAHAR, ASSAM",ASSAM,18.0,30.0,24.0,7.2,7.9,7.550000000000001,6.9,7.7,7.300000000000001,72.0,252.0,162.0,1.0,2.5,1.75,0.8,2.1,1.4500000000000002,300.0,1500.0,900.0,720.0,4300.0,2510.0
BRAHMAPUTRA,1031,"BRAHAMPUTRA AT PANDU,",ASSAM,20.0,30.0,25.0,5.6,9.1,7.35,7.4,8.0,7.7,91.0,165.0,128.0,1.1,2.5,1.8,1.1,2.3,1.7,360.0,1500.0,930.0,1500.0,3600.0,2550.0
BRAHMAPUTRA,1299,"BRAHAMPUTRA AT
JOGIJHOGA NEAR BRIDGE",ASSAM,20.0,32.0,26.0,5.0,6.8,5.9,7.4,8.1,7.75,100.0,172.0,136.0,1.0,1.8,1.4,0.7,1.6,1.15,1.8,1100.0,550.9,720.0,4300.0,2510.0
BRAHMAPUTRA,2069,"BRAHMPUTRA RIVER NEAR WATER INTAKE POINT AT KACHARIGHAT, PANBAZAR,
GUWAHATI, ASSAM",ASSAM,22.0,32.0,27.0,6.3,9.3,7.800000000000001,7.6,8.2,7.899999999999999,78.0,170.0,124.0,1.2,1.9,1.5499999999999998,0.8,2.1,1.4500000000000002,360.0,1500.0,930.0,1100.0,4400.0,2750.0
BRAHMAPUTRA,2064,"BRAHMAPUTRA RIVER AT CHANDRAPUR, GUWAHATI",ASSAM,22.0,32.0,27.0,6.2,9.2,7.699999999999999,7.2,7.9,7.550000000000001,72.0,174.0,123.0,1.2,2.2,1.7000000000000002,1.0,3.0,2.0,300.0,730.0,515.0,700.0,2100.0,1400.0
BRAHMAPUTRA,2067,"BRAHMPUTRA RIVER AT
SUALKUCHI, DIST. KAMRUP,",ASSAM,19.0,30.0,24.5,6.4,9.2,7.8,7.0,8.0,7.5,86.0,168.0,127.0,1.1,2.4,1.75,0.8,2.3,1.5499999999999998,300.0,1100.0,700.0,720.0,2800.0,1760.0
BRAHMAPUTRA,2066,"BRAHMAPUTRA RIVER AT
DHUBRI",ASSAM,22.0,36.0,29.0,4.7,6.8,5.75,7.2,8.0,7.6,75.0,206.0,140.5,1.0,2.1,1.55,1.0,1.4,1.2,300.0,2000.0,1150.0,1400.0,4200.0,2800.0
BRAHMAPUTRA,3781,"BRAHAMPUTRA RIVER AT BOGIBEEL BRIDGE, BOGIBEEL,
DIBRUGARH",ASSAM,12.0,31.0,21.5,0.0,10.0,5.0,7.4,8.1,7.75,37.0,226.0,131.5,1.0,3.0,2.0,0.4,2.4,1.4,1.8,920.0,460.9,1.8,2700.0,1350.9
BRAHMAPUTRA,4004,BRAHAMPUTRA RIVER AT BISWANATH GHAT,ASSAM,18.0,28.0,23.0,7.3,7.8,7.55,7.3,7.9,7.6,62.0,150.0,106.0,1.1,2.1,1.6,0.4,1.9,1.15,300.0,1200.0,750.0,720.0,3500.0,2110.0
