"7/19/23, 11:13 AM",cpcb.nic.in/wqm/2014/RIVERWATER DATA 2014_1.htm,,,,,,,,,,,,,,,,,,,,,,,,,
WATER QUALITY DATA 2014 | CPCB ENVIS ,,,,,,,,,,,,,,,,,,,,,,,,,,
WATER QUALITY OF RIVER BEAS - 2014,,,,,,,,,,,,,,,,,,,,,,,,,,
"STATION
CODE",LOCATIONS,STATE,TEMPERATURE ºC,,,,D.O. (mg/l),,,pH,,"CONDUCTIVITY
(µmhos/cm)",,,B.O.D. (mg/l),,,"NITRATE- N+ NITRITE-
N (mg/l)",,,"FECAL COLIFORM
(MPN/100ml)",,,"TOTAL COLIFORM
(MPN/100ml)",,
,,,Min,Max,Mean,Min,Max,Mean,Min,Max,Mean,Min,Max,Mean,Min,Max,Mean,Min,Max,Mean,Min,Max,Mean,Min,Max,Mean
WATER QUALITY CRITERIA,,,,,,,> 4 mg/l,,,6.5-8.5,,,,,,< 3 mg/l,,,,,< 2500 MPN/100ml,,,< 5000 MPN/100ml,,
1001,"BEAS AT U/S MANALI, H.P.",HIMACHAL PRADESH,1.0,16.0,8.2,7.5,11.0,9.1,7.2,8.4,7.9,55,335,133,0.1,0.4,0.1,0.065,0.492,0.2,8,49,27,23,240,116
1002,"BEAS AT D/S KULU, H.P.",HIMACHAL PRADESH,3.0,19.0,10.0,7.5,11.2,9.1,7.5,8.3,8.0,59,340,128,0.1,0.5,0.2,0,0.492,0.2,22,94,54,130,350,285
1003,"BEAS AT D/S AUT, H.P.",HIMACHAL PRADESH,4.5,15.5,9.9,8.1,11.0,9.3,7.5,8.2,7.9,57,238,117,0.1,0.2,0.1,0.067,0.492,0.2,17,63,33,79,180,123
1004,"BEAS AT U/S PANDON DAM, H.P.",HIMACHAL PRADESH,10.0,23.0,13.6,8.7,10.8,9.6,6.8,8.2,7.7,42,322,173,0.1,0.7,0.2,0.091,0.457,0.3,23,49,36,130,280,184
1005,"BEAS AT EXIT OF TUNNEL DEHAL
POWER HOUSE, H.P.",HIMACHAL PRADESH,5.8,23.0,11.9,8.7,10.0,9.3,6.8,8.5,8.0,115,340,198,0.1,0.4,0.1,0,0.974,0.3,21,94,40,70,280,148
1550,"BEAS AT U/S MANDI, H.P",HIMACHAL PRADESH,7.5,19.0,13.6,8.7,11.4,9.7,7.5,8.4,8.0,63,309,143,0.1,0.5,0.1,0,0.7,0.3,23,94,40,130,920,243
1006,"BEAS AT D/S MANDI, H.P.",HIMACHAL PRADESH,10.0,23.0,14.9,6.9,12.2,9.5,7.4,9.0,8.1,89,340,190,0.1,0.6,0.3,0,0.83,0.3,27,180,67,170,1600,426
2604,BEAS AT D/S JAISINGHPUR,HIMACHAL PRADESH,13.0,21.5,17.9,6.8,10.5,7.8,6.8,8.8,8.1,41,488,270,0.4,1.8,0.8,0.3,1,0.5,,,,,,
1007,"BEAS AT D/S ALAMPUR, H.P.",HIMACHAL PRADESH,12.0,21.8,18.2,0.2,8.8,7.2,6.9,9.1,8.3,98,471,301,0.2,2.0,0.9,0.26,1.02,0.5,,,,,,
1008,"BEAS AT D/S DEHRAGOPIPUR,
H.P.",HIMACHAL PRADESH,14.0,22.0,18.2,7.1,8.3,7.7,7.7,8.6,8.3,118,388,286,0.3,2.0,0.9,0.24,0.97,0.5,,,,,,
1009,"BEAS AT D/S PONG DAM, H.P.",HIMACHAL PRADESH,13.8,24.0,19.4,5.6,9.8,7.8,7.0,8.9,8.0,87,375,222,0.1,0.8,0.4,0.23,0.5,0.4,23,23,23,140,140,140
1693,"BEAS AT TALWARA H/W, PUNJAB",PUNJAB,10.0,24.0,15.7,7.9,7.9,7.9,7.2,7.6,7.4,185,195,191,0.5,0.6,0.6,0.6,1.8,1.2,13,39,24,31,50,42
1694,"BEAS AT U/S PATHANKOT,
PUNJAB",PUNJAB,10.0,24.0,16.0,7.6,7.8,7.7,7.4,7.4,7.4,185,210,200,0.3,0.7,0.6,1,1.4,1.3,130,210,170,330,350,337
1695,"BEAS AT D/S
PATHANKOT,PUNJAB",PUNJAB,11.0,23.0,15.7,7.3,7.5,7.4,7.3,7.7,7.5,240,240,240,0.6,0.8,0.7,2.3,3,2.6,170,210,193,430,490,450
1010,"BEAS AT MIRTHAL BRIDGE,
GURDASPUR, PUNJAB",PUNJAB,10.0,23.0,15.7,7.5,7.6,7.6,7.4,7.6,7.5,220,245,235,0.5,0.8,0.7,1.5,2.6,2.2,70,140,100,220,280,257
1294,"BEAS AT 1KM.D/S OF EFFL. DISH.
POINT AT MUKERIAN ,PUNJAB",PUNJAB,11.0,23.0,16.0,6.1,6.8,6.4,7.1,7.6,7.4,260,290,280,1.8,2.7,2.1,1.6,4.9,3.4,180,790,453,460,1400,773
1011,"BEAS AT G.T.ROAD UNDER BDG.
NEAR KAPURTHALA, PUNJAB",PUNJAB,10.0,22.0,15.3,7.3,7.4,7.4,7.3,7.5,7.4,235,258,248,0.8,0.9,0.8,2.4,3.3,2.9,130,200,177,350,460,400
1696,"BEAS AT U/S GOINDWAL, PUNJAB",PUNJAB,11.0,23.0,16.0,7.4,7.6,7.5,7.2,7.5,7.4,240,270,257,0.6,0.8,0.7,2.1,3.7,2.9,170,280,220,430,430,430
1012,"BEAS AT 100M D/S INDUST.
DISCH. GOINDWAL PUNJAB",PUNJAB,11.0,23.0,16.3,7.3,7.5,7.4,7.2,7.5,7.4,245,270,260,0.6,1.2,0.8,1.8,3.8,3.1,220,640,417,460,900,620
1697,"BEAS AT HARIKE, PUNJAB",PUNJAB,12.0,22.0,16.3,7.3,7.6,7.5,7.3,7.5,7.4,240,260,253,0.6,0.7,0.6,1.4,3.6,2.8,120,200,150,340,400,363
https://cpcb.nic.in/wqm/2014/RIVERWATER DATA 2014_1.htm,1/2,,,,,,,,,,,,,,,,,,,,,,,,,
"7/19/23, 11:13 AM",cpcb.nic.in/wqm/2014/RIVERWATER DATA 2014_1.htm,,,,,,,,,,,,,,,,,,,,,,,,,
2601,BEAS AT D/S MANALI,HIMACHAL PRADESH,1.5,14.0,8.5,7.9,11.0,9.1,7.2,8.0,7.8,63,221,104,0.1,0.6,0.3,0.1,0.6,0.3,14,94,46,33,350,200
2602,BEAS AT U/S KULLU,HIMACHAL PRADESH,3.0,17.5,9.8,7.6,11.2,9.2,7.3,8.2,7.9,55,312,121,0.1,1.0,0.2,0,0.5,0.2,17,70,49,94,280,197
2603,BEAS AT D/S PANDOH DAM,HIMACHAL PRADESH,9.0,18.0,13.8,7.9,11.2,9.6,7.4,8.2,7.8,45,294,126,0.1,0.8,0.2,0,1.3,0.4,23,110,47,170,1600,344
https://cpcb.nic.in/wqm/2014/RIVERWATER DATA 2014_1.htm,2/2,,,,,,,,,,,,,,,,,,,,,,,,,
"7/19/23, 11:15 AM",cpcb.nic.in/wqm/2014/RIVERWATER DATA 2014_10.htm,,,,,,,,,,,,,,,,,,,,,,,,,
WATER QUALITY DATA 2014 | CPCB ENVIS ,,,,,,,,,,,,,,,,,,,,,,,,,,
WATER QUALITY OF RIVER BRAHMAPUTRA - 2014,,,,,,,,,,,,,,,,,,,,,,,,,,
"STATION
CODE",LOCATIONS,STATE,TEMPERATURE ºC,,,,D.O. (mg/l),,,pH,,"CONDUCTIVITY
(µmhos/cm)",,,B.O.D. (mg/l),,,"NITRATE- N+
NITRITE-N (mg/l)",,,"FECAL COLIFORM
(MPN/100ml)",,,"TOTAL COLIFORM
(MPN/100ml)",,
,,,Min,Max,Mean,Min,Max,Mean,Min,Max,Mean,Min,Max,Mean,Min,Max,Mean,Min,Max,Mean,Min,Max,Mean,Min,Max,Mean
,WATER QUALITY CRITERIA,,,,,,> 4 mg/l,,,6.5-8.5,,,,,,< 3 mg/l,,,,,< 2500 MPN/100ml,,,< 5000 MPN/100ml,,
1260,"BRAHAMPUTRAAT KHERGHAT (AFTER
CONFL. WITH DIBANG & DIHANG),ASSAM",ASSAM,19.0,30.0,22.3,6.0,9.5,7.2,6.7,7.6,7.1,20,532,216,0.7,2.1,1.5,0.1,6.51,1.4,0,730,146,360,46000,5525
1030,"BRAHAMPUTRAAT DIBRUGARH, ASSAM",ASSAM,15.0,29.0,21.8,6.0,11.4,7.7,6.8,7.7,7.2,125,419,256,0.6,3.4,1.4,0.1,5.8,1.5,0,21000,2128,0,240000,45100
1262,"BRAHAMPUTRAAT NIMATIGHAT, ASSAM",ASSAM,19.0,31.0,25.1,5.1,7.8,6.9,6.2,7.8,7.0,125,389,273,0.5,3.0,1.5,0.1,6.8,2.5,0,3500,585,361,240000,26322
1526,"BRAHMPUTRA RIVER AT DHENUKHAPAHAR,
ASSAM",ASSAM,18.0,28.0,24.3,6.8,8.2,7.5,6.6,7.5,7.0,42,1172,298,0.3,2.8,1.3,0,7.3,1.7,0,110000,12418,0,240000,93005
1031,"BRAHAMPUTRAAT PANDU, ASSAM",ASSAM,20.0,30.0,25.4,6.0,11.0,7.9,6.5,7.7,7.2,20,380,236,0.6,2.3,1.4,0.1,7.68,2.3,300,21000,5449,3900,240000,134042
1299,"BRAHAMPUTRAAT JOGIJHOGA NEAR BRIDGE,
ASSAM",ASSAM,20.8,33.0,27.7,4.2,6.6,6.0,6.8,8.0,7.3,145,573,295,0.3,1.9,1.1,0.1,7.43,1.9,0,3500,444,0,46000,8382
,BRAHMPUTRA RIVER NEAR WATER INTAKE,,,,,,,,,,,,,,,,,,,,,,,,,
2069,"POINT AT KACHARIGHAT, PANBAZAR,
GUWAHATI, ASSAM",ASSAM,21.0,30.0,27.0,7.6,8.6,8.1,7.4,7.8,7.6,166,255,210,0.6,1.5,0.9,0.2,3.7,1.2,910,7500,3388,4300,240000,123400
2064,"BRAHMAPUTRA RIVER AT CHANDRAPUR,
GUWAHATI",ASSAM,21.0,29.0,25.8,6.4,8.6,7.3,6.7,7.3,7.1,128,260,168,0.6,3.2,1.6,0.2,0.8,0.4,910,2700,1653,911,240000,61303
2067,"BRAHMPUTRA RIVER AT SUALKUCHI, DIST.
KAMRUP, ASSAM",ASSAM,22.0,30.0,27.3,5.2,8.3,7.1,6.7,7.6,7.2,247,308,289,0.5,2.5,1.6,0.1,4.8,1.4,300,2300,1208,2301,24000,8725
2066,BRAHMAPUTRA RIVER AT DHUBRI,ASSAM,23.0,33.0,28.2,3.8,6.0,5.1,6.5,7.4,7.0,148,334,253,1.0,1.9,1.5,0.4,4.1,1.4,300,9300,2990,910,240000,180228
https://cpcb.nic.in/wqm/2014/RIVERWATER DATA 2014_10.htm,1/1,,,,,,,,,,,,,,,,,,,,,,,,,
"7/19/23, 11:18 AM",cpcb.nic.in/wqm/2014/RIVERWATER DATA 2014_29.htm,,,,,,,,,,,,,,,,,,,,,,,,,
WATER QUALITY DATA 2014 | CPCB ENVIS ,,,,,,,,,,,,,,,,,,,,,,,,,,
WATER QUALITY OF RIVER CAUVERY - 2014,,,,,,,,,,,,,,,,,,,,,,,,,,
"STATION
CODE",LOCATIONS,STATE,TEMPERATURE ºC,,,,D.O. (mg/l),,,pH,,"CONDUCTIVITY
(µmhos/cm)",,,B.O.D. (mg/l),,,"NITRATE- N+
NITRITE-N (mg/l)",,,,"FECAL COLIFORM
(MPN/100ml)",,"TOTAL COLIFORM
(MPN/100ml)",,
,,,Min,Max,Mean,Min,Max,Mean,Min,Max,Mean,Min,Max,Mean,Min,Max,Mean,Min,Max,Mean,Min,Max,Mean,Min,Max,Mean
,WATER QUALITY CRITERIA,,,,,,> 4 mg/l,,,6.5-8.5,,,,,,< 3 mg/l,,,,,,< 2500 MPN/100ml,,< 5000 MPN/100ml,,
1198,"CAUVERY AT NAPOKULU BDG (D/S),
KARNATAKA",KARNATAKA,22.0,28.0,25.0,6.3,7.4,6.8,6.2,8.1,7.1,40,76,56,1.0,1.0,1.0,0.03,0.075,0,91,210,135,380,940,570
1195,"CAUVERY AT KUSHAL NAGAR U/S (NEAR
BAICHANAHALLI), KARNATAKA",KARNATAKA,23.0,29.0,25.3,6.0,7.6,6.7,6.6,7.9,7.5,58,138,93,1.0,1.0,1.0,0.06,0.17,0.1,110,310,181,580,1500,850
33,"CAUVERY AT KRS
DAM,BALAMURIKSHETRA,KARNATAKA",KARNATAKA,26.0,30.0,27.1,6.2,7.3,6.9,7.4,8.9,8.2,79,300,220,1.0,2.0,1.5,0.06,0.29,0.2,210,380,287,840,1500,1202
1386,"CAUVERY AT D/S OF KAREKUARA VILLAGE,
KARNATAKA",KARNATAKA,26.0,30.0,27.3,6.2,8.0,7.2,7.3,8.6,8.1,85,308,229,1.0,2.0,1.2,0.1,0.3,0.2,26,320,233,630,1400,1101
1171,"CAUVERY AT SRI RANGAPATTANNA,D/S OF
ROAD BDG.,KARNATAKA",KARNATAKA,25.0,30.0,26.8,5.8,7.0,6.4,7.0,8.5,8.0,112,360,273,1.0,3.0,2.3,0.16,0.35,0.3,700,1500,1079,900,6300,4150
34,"CAUVERY AT SATHYAGALAM BRIDGE,
KARNATAKA",KARNATAKA,26.0,29.0,27.5,5.7,8.4,6.9,6.7,8.4,7.7,152,464,333,1.0,3.0,2.0,0.17,0.44,0.3,210,840,491,1100,2800,1892
2773,"CAUVERY AT BANNUR BRIDGE, KARNATAKA",KARNATAKA,22.0,29.0,25.3,5.8,8.3,6.9,7.2,8.8,8.1,180,653,333,1.0,2.0,1.7,0.2,0.6,0.3,170,630,356,790,2100,1449
2774,"CAUVERY AT RANGANATHITTU, KARNATAKA",KARNATAKA,25.0,30.0,26.7,5.8,7.1,6.3,7.1,8.5,8.0,94,324,241,1.0,2.0,1.8,0.1,0.3,0.2,390,1100,611,1700,4300,2500
50,"CAUVERY AT METTUR, TAMIL NADU",TAMILNADU,23.0,30.0,26.8,3.9,9.7,6.4,7.5,8.7,8.1,203,481,388,0.2,3.5,1.3,0.05,0.34,0.2,170,17000,4988,200,35000,9615
1322,"CAUVERY AT 1KM. D/S OF BHAVANI RIVER
CONFL., TAMILNADU",TAMILNADU,24.0,30.0,27.3,2.5,8.0,5.6,7.6,8.3,8.0,187,506,408,0.3,2.9,1.4,0,0.33,0.2,140,32000,7956,170,39000,13813
51,"CAUVERY AT PALLIPPALAYAM, TAMIL NADU",TAMILNADU,25.0,33.2,27.9,4.8,10.1,7.0,7.6,8.5,8.2,200,768,458,0.4,6.1,2.1,0.06,0.39,0.2,220,28000,7277,390,35000,12474
1320,"CAUVERY AT ERODE NEAR CHIRAPALAYAM,
TAMILNADU",TAMILNADU,26.0,30.0,27.8,0.0,8.0,4.4,7.2,8.6,7.9,188,1930,849,0.4,58.0,14.4,0.1,0.35,0.2,170,28000000,2377885,300,35000000,2991748
1323,"CAUVERY AT VELORE NEAR KATTIPALAYAM,
TAMILNADU",TAMILNADU,25.0,35.4,27.3,6.1,10.1,7.7,7.9,8.7,8.4,240,1087,541,0.6,5.6,2.2,0.1,0.37,0.2,33,35000,7019,49,160000,19174
3015,"CAUVERY AT PUGALUR, KARUR, TAMILNADU",TAMILNADU,27.0,33.0,28.5,6.2,8.6,7.6,7.8,8.6,8.3,298,648,521,0.3,3.6,1.2,0,0.5,0.3,220,35000,6726,270,160000,20134
1324,"CAUVERY AT MOHANUR NEAR
PATTAIPALAYAM, TAMILNADU",TAMILNADU,26.0,33.0,26.9,4.8,9.8,7.2,7.9,8.6,8.3,276,883,541,0.1,5.7,1.8,0.1,0.35,0.2,49,35000,6872,79,160000,30275
1451,"CAUVERY AT THIRUMUKKUDAL-CONFL. PT.OF
R. AMRAVATI,TAMILNADU",TAMILNADU,26.0,30.7,28.2,6.1,9.3,7.8,7.7,8.7,8.3,228,637,514,0.3,3.7,1.0,0.1,0.4,0.3,110,28000,8992,140,160000,23061
31,"CAUVERY AT MUSIRI, TAMIL NADU",TAMILNADU,24.0,29.0,25.6,6.6,10.2,8.5,7.9,8.7,8.4,303,800,575,0.4,3.6,1.4,0.05,0.53,0.2,170,35000,6705,220,160000,20216
3016,"CAUVERY AT PETTAIVAITHALAI, TRICHY,
TAMILNADU",TAMILNADU,24.0,29.0,25.0,6.4,10.8,8.6,7.9,8.8,8.3,287,812,575,0.5,3.7,1.3,0,0.5,0.2,260,170000,24822,320,350000,54768
1202,"CAUVERY AT TIRUCHIRAPPALLI U/S,
TAMILNADU",TAMILNADU,23.0,29.0,24.8,5.9,9.7,8.1,7.9,8.7,8.4,236,686,489,0.2,7.2,1.8,0.03,0.37,0.2,220,170000,23957,330,280000,57494
1325,"CAUVERY AT TIRUCHIRAPPALLI D/S,
TAMILNADU",TAMILNADU,23.0,28.0,23.9,1.2,8.4,5.5,7.4,8.6,8.0,279,1438,829,0.7,18.0,5.5,0,6.14,0.7,320,11000000,975610,390,22000000,1939974
1203,"CAUVERY AT TRICHY,GRAND ANAICUT,
TAMILNADU",TAMILNADU,23.0,28.0,23.9,3.7,10.2,6.5,7.8,8.8,8.2,274,1323,728,0.8,12.0,3.7,0.05,0.48,0.2,320,540000,73607,390,920000,127304
1206,"CAUVERY AT THANJAVUR, TAMILNADU",TAMIL NADU,19.0,30.0,26.0,7.2,10.2,8.4,8.2,8.8,8.5,264,931,598,0.1,5.1,2.0,0.05,0.48,0.3,140,2600,749,220,3200,1046
https://cpcb.nic.in/wqm/2014/RIVERWATER DATA 2014_29.htm,1/2,,,,,,,,,,,,,,,,,,,,,,,,,
"7/19/23, 11:18 AM",cpcb.nic.in/wqm/2014/RIVERWATER DATA 2014_29.htm,,,,,,,,,,,,,,,,,,,,,,,,,
3018,"CAUVERY AT MAYILADUTHURAI,
NAGAPATTINAM, TAMILNADU",TAMILNADU,24.0,24.0,24.0,5.9,8.2,7.5,7.0,8.5,8.0,248,495,370,0.7,3.5,1.9,0,2.8,0.6,210,54000,11578,260,92000,18930
3012,"CAUVERY AT KOMARAPALAYAM, NAMAKAL,
TAMILNADU",TAMILNADU,25.0,32.0,28.7,1.1,9.5,6.3,7.6,8.5,8.2,217,555,427,0.1,6.7,2.8,0,0.5,0.2,220,28000,10988,390,35000,16907
3013,"CAUVERY AT URRACHIKOTTAI, ERODE,
TAMILNADU",TAMILNADU,22.0,35.0,26.7,5.8,8.9,7.3,7.4,8.7,8.2,225,473,342,0.4,2.1,1.4,0,0.8,0.3,140,160000,17318,170,160000,20363
3014,"CAUVERY AT VAIRAPALAYAM, NAMAKAL,
TAMILNADU",TAMILNADU,25.0,32.0,28.5,3.8,9.2,6.5,7.6,8.7,8.2,218,578,402,0.2,6.4,2.0,0,0.4,0.2,170,35000,9481,330,160000,35428
3017,"CAUVERY AT KUMBAKONAM, THANJAVUR,
TAMILNADU",TAMILNADU,20.0,34.0,28.7,5.9,9.8,7.5,8.2,8.7,8.4,234,639,480,0.4,2.3,1.6,0,0.5,0.2,33,14000,3400,260,22000,6664
,ESTUARINE ZONE,,,,,,,,,,,,,,,,,,,,,,,,,
1326,"CAUVERY AT COLEROON, TAMILNADU",TAMILNADU,27.0,29.0,27.3,4.1,10.5,7.4,7.7,8.5,8.2,378,29600,6039,0.0,8.7,2.4,0.1,0.38,0.3,320,220000,28243,390,1600000,150428
1327,"CAUVERY AT PITCHAVARAM, TAMILNADU",TAMILNADU,26.0,29.0,26.3,0.0,8.9,4.0,7.1,8.5,7.9,309,9810,3081,0.0,10.0,2.6,0.1,0.48,0.3,170,1100000,124951,200,2200000,239958
https://cpcb.nic.in/wqm/2014/RIVERWATER DATA 2014_29.htm,2/2,,,,,,,,,,,,,,,,,,,,,,,,,
"7/19/23, 11:14 AM",cpcb.nic.in/wqm/2014/RIVERWATER DATA 2014_5.htm,,,,,,,,,,,,,,,,,,,,,,,,,
WATER QUALITY DATA 2014 | CPCB ENVIS ,,,,,,,,,,,,,,,,,,,,,,,,,,
WATER QUALITY OF RIVER GANGA - 2014,,,,,,,,,,,,,,,,,,,,,,,,,,
"STATION
CODE",LOCATIONS,STATE,TEMPERATURE ºC,,,,D.O. (mg/l),,,pH,,"CONDUCTIVITY
(µmhos/cm)",,,B.O.D. (mg/l),,,"NITRATE- N+
NITRITE-N (mg/l)",,,"FECAL COLIFORM
(MPN/100ml)",,,"TOTAL COLIFORM
(MPN/100ml)",,
,,,Min,Max,Mean,Min,Max,Mean,Min,Max,Mean,Min,Max,Mean,Min,Max,Mean,Min,Max,Mean,Min,Max,Mean,Min,Max,Mean
,WATER QUALITY CRITERIA,,,,,,> 4 mg/l,,,6.5-8.5,,,,,,< 3 mg/l,,,,,< 2500 MPN/100ml,,,< 5000 MPN/100ml,,
1484,"ALKANANDA B/C MANDAKINI AT RUDRA
PRAYAG, UTTAR PRADESH",UTTARAKHAND,16.0,19.0,17.5,7.8,9.2,8.5,8.0,8.2,8.1,,,,0.6,0.8,0.7,0,0,0,,,,,,
1485,"MANDAKINI B/C ALKALNADAAT
RUDRAPRAYAG, UTTAR PRADESH",UTTARAKHAND,15.0,18.0,16.3,8.6,9.0,8.8,8.0,8.2,8.1,,,,0.6,0.8,0.7,0,0,0,,,,,,
1486,"ALKANANDAA/C MANDAKINI AT
RUDRAPRAYAG, UTTAR PRADESH",UTTARAKHAND,15.0,19.0,16.7,7.4,8.4,8.1,7.8,8.2,8.0,,,,0.8,1.2,1.0,0,0,0,,,,,,
1487,"ALKANANDA B/C TO BHAGIRATHI AT
DEVPRAYAG, UTTAR PRADESH",UTTARAKHAND,16.0,19.0,17.3,7.4,9.0,8.4,7.8,8.2,8.1,,,,1.0,1.0,1.0,0,0,0,,,,,,
1488,"BHAGIRATHI B/C WITH ALAKNANDAAT
DEVPRAYAG, U.P",UTTARAKHAND,16.0,19.0,17.0,7.8,9.4,8.7,7.9,8.2,8.1,,,,0.6,1.2,0.9,0,0,0,,,,,,
1489,"ALKANANDAA/C WITH BHAGIRATHI AT
DEVPRAYAG, UTTAR PRADESH",UTTARAKHAND,16.0,19.0,17.0,7.4,8.8,8.2,7.9,8.2,8.0,,,,0.8,1.2,1.1,0,0,0,,,,,,
1060,"GANGAAT RISHIKESH U/S, U.P",UTTARAKHAND,13.0,20.0,17.2,7.4,9.6,8.7,7.3,8.0,7.7,,,,0.8,1.4,1.1,0,0,0,,,,4,40,22
2725,"GANGA RIVER AFTER CONFLUENCE OF
RIVER SONG NEAR SATYANARAYAN TEMPLE
D/S RAIWALA",UTTARAKHAND,15.0,25.0,21.0,6.2,7.6,6.9,7.5,8.7,7.8,,,,1.4,12.0,5.2,0,0,0,,,,220,1600,908
1061,"GANGAAT HARIDWAR D/S, U.P",UTTARAKHAND,23.0,27.0,24.4,4.0,6.2,5.4,6.3,7.7,7.5,,,,3.2,7.2,5.3,0,0,0,,,,1600,1600,1600
2727,UPPER GANGA RIVER D/S ROORKEE,UTTARAKHAND,13.5,22.0,18.7,7.2,8.4,7.7,7.2,8.1,7.7,,,,1.2,2.8,2.1,0,0,0,,,,80,350,177
1062,"GANGAAT GARHMUKTESHWAR, U.P",UTTAR PRADESH,15.0,28.0,23.0,7.2,11.1,9.0,6.8,7.8,7.4,170,300,242,1.4,3.5,2.5,0,0.68,0.4,500,840,664,900,1500,1268
2488,"GANGA U/S, ANOOPSHAHAR",UTTAR PRADESH,23.0,23.0,23.0,8.0,8.0,8.0,7.3,7.5,7.4,190,391,310,2.3,3.0,2.7,0,0.5,0.1,4000,4000,4000,630,630,630
2489,"GANGA D/S, ANOOPSHAHAR",UTTAR PRADESH,22.0,22.0,22.0,8.2,8.2,8.2,7.5,7.5,7.5,220,350,293,2.1,2.9,2.6,0,0.5,0.1,370,370,370,610,610,610
1145,"GANGAAT NARORA (BULANDSAHAR), U.P.",UTTAR PRADESH,23.0,23.0,23.0,7.8,7.8,7.8,7.3,7.5,7.4,250,380,320,2.8,3.3,3.1,0,0.5,0.1,410,410,410,630,630,630
2490,"GANGAAT KACHHLA GHAT, ALIGARH",UTTAR PRADESH,23.0,23.0,23.0,7.3,7.3,7.3,7.4,7.5,7.5,210,330,277,0.0,2.2,1.4,0,0,0,400,400,400,610,610,610
1063,"GANGAAT KANNAUJ U/S (RAJGHAT), U.P",UTTAR PRADESH,13.0,34.0,26.9,6.5,9.0,7.9,7.4,8.4,7.9,44,403,288,1.8,3.8,2.9,0.18,0.32,0.2,1600,2600,2200,3500,4900,4467
1066,"GANGAAT KANNAUJ D/S, U.P",UTTAR PRADESH,13.0,34.0,26.9,2.8,8.8,7.3,7.3,8.4,7.9,47,396,276,2.4,4.2,3.2,0.2,0.3,0.3,2100,4000,2978,4000,5800,5078
1146,"GANGAAT BITHOOR (KANPUR), U.P.",UTTAR PRADESH,13.0,35.0,27.0,6.4,9.8,7.9,7.7,8.7,8.2,42,428,290,2.2,4.4,3.0,0.18,0.28,0.2,1700,3500,2333,3500,4900,4256
1067,"GANGAAT KANPUR U/S (RANIGHAT), U.P",UTTAR PRADESH,13.0,35.0,27.0,6.0,9.6,7.5,7.6,8.9,8.2,49,432,307,2.7,4.2,3.4,0.16,0.32,0.2,2000,3800,2600,4200,5400,4856
1068,"GANGAAT KANPUR D/S (JAJMAU PUMPING
STATION), U.P",UTTAR PRADESH,13.0,35.0,27.0,4.4,9.0,6.3,7.1,8.2,7.7,58,725,430,3.8,7.5,5.5,0.2,0.4,0.3,10000,24000,15889,40000,79000,54333
1147,"GANGAAT DALMAU (RAI BAREILLY), U.P.",UTTAR PRADESH,15.0,28.0,22.1,6.5,9.5,8.0,7.5,7.9,7.8,169,259,213,3.2,4.5,3.7,0.76,0.82,0.8,4400,6900,5517,7600,9100,8250
2498,"GANGAAT KALA KANKAR, RAEBARELI",UTTAR PRADESH,15.0,28.0,22.1,6.6,9.6,8.2,7.5,7.9,7.8,168,256,209,3.1,4.3,3.6,0.7,0.8,0.8,3800,6300,5158,7200,8900,7967
https://cpcb.nic.in/wqm/2014/RIVERWATER DATA 2014_5.htm,1/3,,,,,,,,,,,,,,,,,,,,,,,,,
"7/19/23, 11:14 AM",cpcb.nic.in/wqm/2014/RIVERWATER DATA 2014_5.htm,,,,,,,,,,,,,,,,,,,,,,,,,
1046,"GANGAAT ALLAHABAD (RASOOLABAD), U.P.",UTTAR PRADESH,19.4,25.9,24.4,8.1,9.8,8.7,8.1,8.4,8.3,338,454,385,2.6,4.4,3.6,1.08,1.96,1.7,9400,26000,17283,22000,47000,29500
2487,"GANGAAT KADAGHAT, ALLAHABAD",UTTAR PRADESH,19.3,25.9,24.5,7.6,9.3,8.4,8.1,8.5,8.3,346,428,382,3.4,4.7,3.9,1.4,2.1,1.8,13000,26000,18333,24000,40000,31833
1049,"GANGAAT ALLAHABAD D/S (SANGAM), U.P.",UTTAR PRADESH,19.6,25.9,24.4,8.0,9.2,8.5,8.1,8.4,8.3,368,468,404,2.9,9.2,4.2,1.28,2.24,2,13000,34000,19500,26000,48000,32417
2485,"GANGA U/S, VINDHYACHAL, MIRZAPUR",UTTAR PRADESH,16.0,27.0,22.4,8.0,8.8,8.4,7.2,8.2,7.7,254,366,290,2.1,3.6,2.5,0,0.7,0.4,1300,2100,1567,2200,4600,3078
2486,"GANGA D/S, MIRZAPUR",UTTAR PRADESH,16.0,29.0,23.8,8.2,8.7,8.4,7.2,8.0,7.6,272,378,299,2.3,3.8,2.6,0,0.7,0.5,1300,4600,2146,2400,32000,6518
1070,"GANGAAT VARANASI U/S (ASSIGHAT), U.P",UTTAR PRADESH,20.0,25.0,22.5,7.3,9.2,8.3,8.0,8.4,8.2,282,392,338,2.4,3.3,2.9,0,0,0,2200,3300,2617,3100,4900,3950
1071,"GANGAAT VARANASI D/S (MALVIYA BRIDGE),
U.P",UTTAR PRADESH,20.0,25.5,22.5,6.7,8.7,7.8,8.2,8.7,8.5,308,456,385,3.8,5.0,4.5,0,0,0,22000,46000,31167,34000,63000,47333
1073,"GANGAAT TRIGHAT (GHAZIPUR), U.P",UTTAR PRADESH,19.0,25.0,22.7,6.8,8.6,7.7,8.2,8.7,8.5,300,440,369,3.3,4.4,3.9,0,0,0,11000,22000,17500,14000,46000,25667
2502,"SHUKRA TAL, MUZAFFARNAGAR, NEAR
GANGA RIVER",UTTAR PRADESH,16.0,18.0,17.0,8.5,8.7,8.6,8.0,8.0,8.0,200,380,290,1.7,1.9,1.8,0,0,0,70,70,70,120,130,125
1074,"GANGAAT BUXAR,BIHAR",BIHAR,18.0,30.0,24.5,7.8,8.8,8.4,7.8,8.3,8.1,310,492,371,2.3,2.8,2.5,0,0,0,940,1500,1190,2400,4600,3100
2551,"GANGAAT BUXAR, RAMREKHAGHAT",BIHAR,18.0,31.0,24.9,7.6,8.7,8.1,7.6,8.3,8.1,298,535,376,2.6,2.8,2.7,0,0,0,500,5400,3183,1100,16000,9350
1077,"GANGAAT KHURJI, PATNA U/S, BIHAR",BIHAR,13.0,33.0,24.5,7.4,9.7,8.1,7.7,8.4,8.1,268,538,376,2.0,2.5,2.3,0,0,0,1100,2400,1600,2200,5400,3436
2556,"GANGAAT INDRAPURI, DEHRI ON SONE",BIHAR,16.0,26.0,22.3,7.2,9.2,8.2,7.9,8.3,8.1,265,276,270,2.0,2.4,2.2,0,0,0,490,790,660,1100,2800,2033
2564,"GANGA AT THE CONFLUENCE OF SONE
RIVER DORIGANJ, CHAPRA",BIHAR,16.0,34.0,23.8,7.6,9.0,8.3,7.9,8.3,8.2,288,344,311,2.0,2.7,2.5,0,0,0,700,3500,1483,2800,9200,3967
2552,GANGA DARBHANGA GHAT AT PATNA,BIHAR,16.0,34.0,24.7,7.1,9.2,7.8,7.6,8.2,7.9,271,557,402,2.4,2.9,2.8,0,0,0,3000,9200,6527,9000,24000,19091
1079,"GANGAAT PATNA D/S (GANGA BRIDGE),BIHAR",BIHAR,15.0,35.0,24.9,7.0,9.3,7.9,7.6,8.3,8.0,276,546,402,2.6,2.8,2.7,0,0,0,1400,9000,3782,5000,24000,11564
2555,"GANGAAT PUNPUN, PATNA",BIHAR,15.0,33.0,24.7,5.0,8.2,7.3,7.3,7.8,7.7,336,782,452,2.1,2.8,2.5,0,0,0,800,3000,1382,2200,16000,4573
2553,GANGAAT FATUHA,BIHAR,14.0,33.0,24.4,7.0,9.6,8.1,7.7,8.3,8.0,269,548,386,2.0,2.5,2.3,0,0,0,900,3000,1846,2200,9000,4982
1817,GANGAAT MOKAMA (U/S),BIHAR,16.0,28.0,24.1,7.4,8.1,7.8,7.8,8.2,7.9,254,316,277,2.0,2.5,2.3,0,0,0,790,2400,1251,2200,5000,2770
1815,GANGAAT MOKAMA (D/S),BIHAR,16.0,28.0,24.0,7.2,8.0,7.7,7.6,8.1,7.8,252,358,295,2.3,2.8,2.6,0,0,0,920,5000,2792,2800,16000,9430
1818,GANGAAT MUNGER,BIHAR,17.0,28.0,23.9,7.4,7.8,7.6,7.7,8.0,7.8,242,316,268,2.3,2.6,2.4,0,0,0,1100,3000,1622,2200,9000,4411
2554,"GANGAAT SULTANGANJ, BHAGALPUR",BIHAR,18.0,28.0,24.0,7.5,7.8,7.7,7.6,7.9,7.8,238,327,280,2.3,2.7,2.5,0,0,0,940,2400,1560,2200,5400,3722
1819,GANGAAT BHAGALPUR,BIHAR,16.0,26.0,24.4,7.5,7.9,7.7,7.6,8.1,7.8,245,314,276,2.4,2.7,2.6,0,0,0,1300,5400,2933,3000,24000,9044
1816,GANGAAT KAHALGAON,BIHAR,16.0,30.0,23.4,7.6,7.9,7.8,7.8,8.2,7.9,181,373,265,2.5,2.8,2.7,0,0,0,1400,5000,2678,5000,16000,8511
3113,GANGAAT D/S BUXAR NEAR GANGA BRIDGE,BIHAR,18.0,30.0,24.5,7.8,8.8,8.2,7.6,8.3,8.1,236,525,352,2.4,2.7,2.5,0,0,0,430,2400,1705,2400,9200,4683
3114,"GANGA RIVER NEAR DANAPUR (NEAR
PIPAPUL)",BIHAR,13.0,33.0,24.1,7.2,9.7,8.1,7.8,8.4,8.1,269,532,375,2.0,2.6,2.4,0,0,0,790,1700,1198,2200,3500,2855
3115,GANGA RIVER AT BARH,BIHAR,17.5,26.0,23.4,7.5,7.9,7.8,7.8,8.0,7.9,248,272,260,2.0,2.4,2.2,0,0,0,800,1700,1106,1700,3000,2529
3116,"GANGAAT U/S MUNGER (NEAR INTAKE WELL
ON GANGA)",BIHAR,17.0,28.0,23.8,7.6,7.9,7.8,7.8,8.0,7.9,249,318,267,2.0,2.5,2.3,0,0,0,790,1300,998,2100,3000,2478
3117,GANGAAT U/S SULTANGANJ,BIHAR,17.0,28.0,23.9,7.5,7.9,7.8,7.8,8.0,7.9,241,325,270,2.0,2.6,2.3,0,0,0,790,1700,1220,2400,3500,2844
https://cpcb.nic.in/wqm/2014/RIVERWATER DATA 2014_5.htm,2/3,,,,,,,,,,,,,,,,,,,,,,,,,
"7/19/23, 11:14 AM",cpcb.nic.in/wqm/2014/RIVERWATER DATA 2014_5.htm,,,,,,,,,,,,,,,,,,,,,,,,,
3118,GANGAAT U/S BHAGALPUR,BIHAR,16.0,26.0,23.9,7.6,7.9,7.7,7.8,8.0,7.9,238,297,262,2.2,2.6,2.4,0,0,0,900,2200,1290,2200,5400,3020
3122,"GANGAAT MALSALAMI, PATNA",BIHAR,14.0,34.0,24.5,7.2,9.4,8.0,7.6,8.4,8.0,270,538,377,2.1,2.6,2.4,0,0,0,800,3500,1846,2400,16000,5073
3123,GANGA RIVER AT BARAHIA,BIHAR,16.0,26.0,22.5,7.5,7.9,7.7,7.6,8.1,7.9,269,355,292,2.0,2.6,2.3,0,0,0,790,1400,1048,2200,3500,2833
1080,GANGAAT BAHARAMPORE WEST BENGAL,WEST BENGAL,16.0,32.0,26.5,4.4,11.0,7.4,7.5,8.1,7.9,193,385,304,1.0,8.7,4.2,0.39,1.48,0.8,2000,900000,166358,3000,1600000,287833
2511,"NABADIP ON GANGA,GHOSHPARA NEAR
MONIPURGHAT",WEST BENGAL,16.0,34.0,27.4,5.1,9.8,7.4,7.4,8.2,7.9,218,795,353,1.4,4.8,3.3,0.1,1.2,0.7,3000,1300000,143275,5000,5000000,474917
2506,"TRIBENI ON GANGA, NEAR BURNING GHAT",WEST BENGAL,20.0,35.0,28.3,5.3,9.3,6.9,7.3,8.4,8.0,164,403,312,1.5,5.0,2.8,0.3,1.4,0.8,2000,110000,34392,3400,240000,61283
1054,"GANGAAT PALTA, WEST BENGAL",WEST BENGAL,19.0,32.0,27.0,4.5,9.3,6.7,7.5,8.1,7.8,189,413,315,1.2,8.5,3.4,0.21,1.74,0.9,13000,500000,106417,23000,900000,171417
1472,"GANGAAT SERAMPORE, WEST BENGAL",WEST BENGAL,19.0,32.0,27.3,4.1,9.1,6.0,7.3,8.6,7.9,192,409,323,1.1,9.7,3.1,0.3,1.5,0.7,17000,500000,153917,30000,1600000,335000
1053,"GANGAAT DAKSHMINESWAR, WEST BENGAL",WEST BENGAL,18.5,32.0,26.5,4.1,9.2,6.7,7.7,8.5,8.0,229,473,319,1.8,7.0,4.2,0.33,0.93,0.7,85000,1100000,285833,110000,2500000,586250
1471,"GANGAAT HOWRAH-SHIVPUR, WEST BENGAL",WEST BENGAL,20.0,31.0,26.5,5.1,8.3,6.3,7.2,8.6,8.0,181,415,314,1.1,5.7,3.6,0.3,1.3,0.7,4000,250000,122417,8000,650000,286083
1470,"GANGAAT GARDEN REACH, WEST BENGAL",WEST BENGAL,18.0,31.0,26.4,5.0,8.2,6.1,7.8,8.9,8.1,195,436,322,1.2,4.8,3.2,0.3,1,0.7,65000,1200000,310417,115000,1500000,542917
1052,"GANGAAT ULUBERIA, WEST BENGAL",WEST BENGAL,19.0,33.0,27.1,4.0,8.7,6.3,7.6,8.8,8.1,257,744,368,0.6,5.8,3.4,0.3,1,0.6,4000,130000,31417,11000,300000,78083
1469,"GANGAAT DIAMOND HARBOUR, WEST
BENGAL",WEST BENGAL,19.0,31.0,26.4,4.6,8.7,6.9,7.8,8.3,8.0,173,6320,1900,1.5,6.2,3.7,0.4,1.7,0.8,4000,240000,41750,9000,500000,88917
https://cpcb.nic.in/wqm/2014/RIVERWATER DATA 2014_5.htm,3/3,,,,,,,,,,,,,,,,,,,,,,,,,
"7/19/23, 11:17 AM",cpcb.nic.in/wqm/2014/RIVERWATER DATA 2014_22.htm,,,,,,,,,,,,,,,,,,,,,,,,,
WATER QUALITY DATA 2014 | CPCB ENVIS ,,,,,,,,,,,,,,,,,,,,,,,,,,
WATER QUALITY OF RIVER GODAVARI - 2014,,,,,,,,,,,,,,,,,,,,,,,,,,
"STATION
CODE",LOCATIONS,STATE,TEMPERATURE ºC,,,,D.O. (mg/l),,,pH,,"CONDUCTIVITY
(µmhos/cm)",,,B.O.D. (mg/l),,,"NITRATE- N+
NITRITE-N (mg/l)",,,"FECAL COLIFORM
(MPN/100ml)",,,"TOTAL COLIFORM
(MPN/100ml)",,
,,,Min,Max,Mean,Min,Max,Mean,Min,Max,Mean,Min,Max,Mean,Min,Max,Mean,Min,Max,Mean,Min,Max,Mean,Min,Max,Mean
,WATER QUALITY CRITERIA,,,,,,> 4 mg/l,,,6.5-8.5,,,,,,< 3 mg/l,,,,,< 2500 MPN/100ml,,,< 5000 MPN/100ml,,
1312,"GODAVARI AT JAYAKWADI DAM,
AURNAGABAD,MAHARASHTRA",MAHARASHTRA,25.0,30.0,28.6,6.0,7.3,6.8,7.4,8.9,8.3,638,1026,813,2.0,5.0,3.3,0.1,0.4,0.2,2,4,3,70,220,109
2177,"GODAVARI RIVER NEAR SOMESHWAR
TEMPLE.",MAHARASHTRA,18.0,27.0,22.4,4.7,6.7,6.0,7.3,8.7,8.1,191,442,331,2.2,10.0,3.8,0.1,2.5,0.7,10,110,56,60,280,167
2182,GODAVARI RIVER AT SAIKHEDA.,MAHARASHTRA,18.0,29.0,21.6,1.4,5.7,4.3,7.0,8.2,7.7,144,401,271,2.4,10.0,5.4,0.2,4.7,1.7,11,90,47,50,220,137
2179,"GODAVARI RIVER AT HANUMAN GHAT, NASHIK
CITY.",MAHARASHTRA,18.0,27.0,22.0,3.2,6.5,4.9,7.3,8.4,7.8,220,551,396,2.4,9.0,4.1,0,2.3,0.7,11,110,53,50,300,163
2183,"GODAVARI RIVER AT NANDUR- MADMESHWAR
DAM.",MAHARASHTRA,18.0,30.0,21.9,3.0,5.5,4.5,7.4,8.2,7.8,231,380,290,2.2,10.0,5.5,0.3,4.1,1.7,9,110,48,50,310,137
2181,"GODAVARI RIVER AT KAPILA- GODAVARI
CONFLUENCE POINT, TAPOVAN.",MAHARASHTRA,18.0,27.0,22.4,1.8,6.2,4.7,7.1,8.2,7.7,348,645,502,2.4,16.0,7.7,0.1,2.8,1,16,170,104,130,350,253
2180,GODAVARI RIVER NEAR TAPOVAN.,MAHARASHTRA,18.0,27.0,23.0,2.4,6.0,4.7,7.4,8.2,7.7,341,632,472,2.4,25.0,7.1,0.1,2.5,0.9,11,170,87,110,300,223
1096,"GODAVARI AT PANCHAVATI AT
RAMKUND,MAHARASHTRA",MAHARASHTRA,18.0,27.0,22.6,2.2,6.2,4.5,7.3,8.3,7.9,209,542,411,2.4,5.4,3.6,0.55,3.315,1.1,16,190,58,60,300,136
1211,"GODAVARI AT NASIK D/S, MAHARASHTRA",MAHARASHTRA,18.0,27.0,22.7,3.2,6.5,4.9,7.2,8.0,7.6,321,576,461,2.8,6.0,3.6,0.236,3.317,0.9,13,170,89,110,350,224
1095,"GODAVARI AT U/S OF GANGAPUR
DAM,NASIK,MAHARASHTRA",MAHARASHTRA,18.0,27.0,22.3,4.3,7.1,5.7,7.8,8.5,8.1,139,534,275,2.2,4.2,3.2,0.017,2.27,0.8,11,60,31,17,170,98
,GODAVARI RIVER AT U/S OF AURANGABAD,,,,,,,,,,,,,,,,,,,,,,,,,
2160,"RESERVOIR, KAIGAON TOKKA NEAR KAIGAON",MAHARASHTRA,25.0,30.0,28.3,5.9,7.2,6.6,7.2,8.6,8.1,600,1080,843,3.0,8.0,4.4,0,0.4,0.1,2,4,2,24,110,80
,BRIDGE.,,,,,,,,,,,,,,,,,,,,,,,,,
,GODAVARI RIVER AT U/S OF PAITHAN AT,,,,,,,,,,,,,,,,,,,,,,,,,
2158,PAITHAN INTAKE PUMP HOUSE AT,MAHARASHTRA,25.0,30.0,28.4,6.0,6.9,6.5,7.4,8.9,8.2,650,1126,896,3.0,9.0,5.3,0.1,0.4,0.2,2,2,2,70,170,104
,JAYAKWADI,,,,,,,,,,,,,,,,,,,,,,,,,
2159,"GODAVARI RIVER AT D/S OF PAITHAN AT
PATHEGAON BRIDGE.",MAHARASHTRA,25.0,30.0,28.6,5.6,7.4,6.5,7.6,9.2,8.4,660,1110,884,3.0,8.0,4.6,0.1,0.7,0.4,2,4,3,70,280,119
2161,"GODAVARI RIVER AT JALNA INTAKE WATER
PUMP HOUSE, SHAHABAD.",MAHARASHTRA,25.0,30.0,28.1,0.0,7.5,5.7,6.9,8.2,7.6,624,1703,1176,2.0,28.0,8.3,0,0.8,0.3,2,4,3,70,170,129
12,"GODAVARI AT DHALEGAON, MAHARASHTRA",MAHARASHTRA,22.0,28.0,27.0,5.8,7.1,6.4,7.4,9.0,8.1,618,1280,843,2.0,6.0,4.4,0,0.8,0.3,2,4,2,79,170,99
1210,"GODAVARI AT NANDED, MAHARASHTRA",MAHARASHTRA,29.0,30.0,29.2,6.4,7.2,6.8,7.2,8.4,7.9,710,1480,1054,2.0,6.0,4.0,0.1,0.3,0.2,2,6,3,70,300,129
1209,"GODAVARI AT RAHER, MAHARASHTRA",MAHARASHTRA,28.0,30.0,29.2,6.3,7.0,6.6,7.6,8.5,8.1,730,1285,995,3.0,5.0,4.0,0.1,0.6,0.3,2,3,2,70,140,95
2157,"GODAVARI RIVER AT LATUR WATER INTAKE
NEAR PUMP HOUSE AT DHAMEGAON.",MAHARASHTRA,20.0,28.0,26.0,5.8,7.3,6.4,7.3,8.4,7.8,630,1392,1047,2.0,10.0,5.1,0,0.8,0.3,2,4,3,80,240,144
2360,"GODAVARI AT BASARA, ADILABAD",ANDHRA PRADESH,25.0,30.0,26.6,5.8,6.8,6.3,7.8,8.6,8.2,440,708,539,1.0,1.2,1.1,1,2,1.3,4,20,11,62,90,69
2361,"GODAVARI AT MANCHERIAL, NEAR RLY BDG
B/C OF RALLAVAGU",ANDHRA PRADESH,0.0,30.0,22.2,5.2,7.1,6.2,8.0,8.5,8.4,513,562,537,4.0,12.0,6.8,0,0,0,,,,,,
2362,"GODAVARI AT RAMAGUNDAM D/S, NEAR FCI",ANDHRA PRADESH,0.0,29.0,21.6,5.2,6.3,5.8,8.0,8.6,8.3,546,784,632,5.0,9.0,6.8,0,0,0,,,,,,
,"INTAKE WELL, KARIMNAGAR",,,,,,,,,,,,,,,,,,,,,,,,,
https://cpcb.nic.in/wqm/2014/RIVERWATER DATA 2014_22.htm,1/2,,,,,,,,,,,,,,,,,,,,,,,,,
"7/19/23, 11:17 AM",cpcb.nic.in/wqm/2014/RIVERWATER DATA 2014_22.htm,,,,,,,,,,,,,,,,,,,,,,,,,
2363,"GODAVARI AT GODAVARIKHANI, NEAR
BATHING GHAT, KARIMNAGAR",ANDHRA PRADESH,0.0,29.0,21.8,4.8,6.1,5.6,7.5,8.5,8.3,550,838,697,4.0,10.0,6.8,0,0,0,,,,,,
2364,"GODAVARI AT RAMAGUNDAM U/S ,
KARIMNAGAR",ANDHRA PRADESH,0.0,29.0,21.6,5.2,6.8,6.1,8.1,8.5,8.3,524,592,551,4.0,8.0,6.1,0,0,0,,,,,,
2356,"GODAVARI, D/S OF RAMANUGUNDAM,",ANDHRA PRADESH,0.0,29.0,21.8,4.9,6.5,5.5,8.0,8.5,8.3,600,693,649,2.0,10.0,5.7,0,0,0,,,,,,
2365,"GODAVARI AT KAMALPUR U/S M/S AP RAYONS
LTD. INTAKE WELL, WARANGAL",ANDHRA PRADESH,0.0,30.0,17.2,3.2,7.1,5.8,7.8,8.6,8.2,352,528,443,4.0,12.0,6.9,0,0,0,,,,,,
2366,"GODAVARI AT KAMALPUR D/S AT M/S. AP
RAYONS LTD. DISCHARGE POINT, WARANGAL",ANDHRA PRADESH,0.0,30.0,17.2,2.8,7.5,5.5,7.6,8.4,8.1,352,654,443,3.0,12.0,7.1,0,0,0,,,,,,
13,"GODAVARI AT MANCHERIAL, A.P.",ANDHRA PRADESH,0.0,29.0,21.8,4.4,6.9,5.6,8.2,8.6,8.4,510,620,558,3.0,12.0,6.1,0,0,0,,,,,,
2367,"GODAVARI AT BHADRACHALAM U/S BATHING
GHAT, KHAMMAM",ANDHRA PRADESH,20.0,21.0,20.4,6.6,7.4,7.2,7.7,8.1,7.9,357,485,425,0.5,0.7,0.6,0.3,0.5,0.4,2,2,2,1100,2100,1488
2368,"GODAVARI AT BHADRACHALAM D/S BATHING
GHAT, KHAMMAM",ANDHRA PRADESH,20.0,27.0,21.1,3.0,7.0,6.1,7.8,8.3,8.1,382,489,430,0.8,1.4,1.1,0.4,0.7,0.6,2,4,4,2100,2200,2150
2369,"GODAVARI AT BURGAMPAHAD, KHAMMAM",ANDHRA PRADESH,18.0,27.0,20.6,5.2,6.6,6.2,7.2,8.0,7.7,446,697,577,0.7,1.4,1.1,0.6,1,0.8,2,2,2,2100,2200,2138
2370,"GODAVARI AT RAJAMUNDRY U/S OF NALLA
CHANNEL",ANDHRA PRADESH,24.0,27.0,25.3,5.0,6.0,5.3,7.1,7.7,7.4,203,427,322,1.0,1.3,1.0,0,1.2,0.5,3,460,125,120,2400,795
14,"GODAVARI AT POLAVARAM, A.P.",ANDHRA PRADESH,25.0,28.0,27.3,4.8,6.2,5.5,7.5,8.5,8.0,256,514,320,1.0,14.0,2.6,0.254,1.78,0.5,3,7,5,9,210,52
1218,"GODAVARI AT RAJAHMUNDRY U/S, A.P.",ANDHRA PRADESH,24.0,28.0,26.5,5.0,6.4,5.4,7.7,8.1,7.9,270,452,323,1.0,1.0,1.0,0.087,1.27,0.4,3,4,4,7,210,50
2371,"GODAVARI AT RAJAMUNDRY D/S OF NALLA
CHANNEL",ANDHRA PRADESH,23.0,28.0,25.9,4.8,6.0,5.4,7.0,7.8,7.4,264,420,340,1.0,1.2,1.1,0.1,0.9,0.5,4,240,45,4,2400,1263
1219,"GODAVARI AT RAJAHMUNDRY D/S, A.P.",ANDHRA PRADESH,21.0,27.0,25.4,5.0,6.2,5.5,6.8,8.2,7.8,227,301,258,1.0,1.0,1.0,0.02,1.28,0.4,4,150,46,21,2400,340
https://cpcb.nic.in/wqm/2014/RIVERWATER DATA 2014_22.htm,2/2,,,,,,,,,,,,,,,,,,,,,,,,,
"7/19/23, 11:17 AM",cpcb.nic.in/wqm/2014/RIVERWATER DATA 2014_24.htm,,,,,,,,,,,,,,,,,,,,,,,,,
WATER QUALITY DATA 2014 | CPCB ENVIS ,,,,,,,,,,,,,,,,,,,,,,,,,,
WATER QUALITY OF RIVER KRISHNA - 2014,,,,,,,,,,,,,,,,,,,,,,,,,,
"STATION
CODE",LOCATIONS,STATE,TEMPERATURE ºC,,,,D.O. (mg/l),,,pH,,"CONDUCTIVITY
(µmhos/cm)",,,B.O.D. (mg/l),,,"NITRATE- N+
NITRITE-N (mg/l)",,,"FECAL COLIFORM
(MPN/100ml)",,,"TOTAL COLIFORM
(MPN/100ml)",,
,,,Min,Max,Mean,Min,Max,Mean,Min,Max,Mean,Min,Max,Mean,Min,Max,Mean,Min,Max,Mean,Min,Max,Mean,Min,Max,Mean
,WATER QUALITY CRITERIA,,,,,,> 4 mg/l,,,6.5-8.5,,,,,,< 3 mg/l,,,,,< 2500 MPN/100ml,,,< 5000 MPN/100ml,,
1194,"KRISHNAAT MAHABALESHWAR DHOM DAM
NEAR KOINA DAM,MAHARASHTRA",MAHARASHTRA,22.0,25.0,23.1,5.9,7.3,6.8,7.7,8.6,8.1,83,273,160,2.4,3.8,3.1,0.8,8.2,2.9,5,35,15,60,550,387
1153,"KRISHNAAT RAJAPUR WEIR, MAHARASHTRA",MAHARASHTRA,20.0,26.0,24.1,5.7,7.6,6.8,6.6,8.3,7.4,136,825,449,2.0,3.8,2.9,0.57,2.59,1.7,,,,80,80,80
36,"KRISHNAAT KRISHNA BRIDGE, KARAD,
MAHARASHTRA",MAHARASHTRA,22.0,28.5,23.8,4.1,7.3,6.0,7.8,8.6,8.2,78,485,262,3.1,9.0,5.1,0.8,3.2,1.8,65,275,149,900,1800,1357
1906,KRISHNA D/S OF ISLAMPUR,MAHARASHTRA,22.0,28.0,25.0,6.0,7.3,6.7,7.1,7.9,7.6,152,960,441,2.4,3.8,2.9,0.4,2.2,1.5,2,2,2,80,80,80
37,"KRISHNAAT SANGLI, MAHARASHTRA",MAHARASHTRA,21.0,25.0,23.7,5.8,7.4,7.0,6.9,7.7,7.5,252,1011,711,2.0,3.6,3.0,0.29,2.98,1.4,,,,90,90,90
1310,"KRISHNAAT KURUNDWAD IN
KOLHAPUR,MAHARASHTRA",MAHARASHTRA,21.0,26.0,24.0,5.8,7.4,7.0,6.9,8.3,7.5,143,697,400,2.4,3.6,2.8,0.4,2.29,1.2,4,4,4,110,110,110
2187,KRISHNA RIVER AT KSHETRA MAHULI.,MAHARASHTRA,20.0,21.5,20.8,4.0,7.2,6.1,8.0,8.6,8.4,303,672,551,3.2,8.7,5.6,1.4,4,2.3,17,350,183,140,1800,1377
2188,"KRISHNA RIVER AT KRISHNA-VENNA SANGAM
AT MAHULI.",MAHARASHTRA,20.5,23.5,22.0,4.1,7.3,6.2,8.0,8.8,8.3,193,591,458,3.5,6.3,4.6,1.4,3.9,2.3,20,275,191,170,1800,1481
2190,KRISHNA RIVER AT WAI.,MAHARASHTRA,21.0,24.5,22.7,4.1,7.3,6.1,7.7,8.7,8.2,301,566,413,3.4,10.2,5.5,0,2.6,1.8,70,350,171,900,1800,1257
1182,"KRISHNAAT U/S OF UGARKHURD
BARRAGE,KARNATAKA",KARNATAKA,27.0,34.0,29.0,5.3,9.2,7.5,7.7,8.4,8.0,330,1080,685,0.4,6.8,2.1,0,7.19,2.3,500,900,780,900,1600,1390
1889,"KRISHNA - ANKALI BRIDGE ALONG CHIKKODI
KAGWAD ROAD",KARNATAKA,26.0,33.0,28.0,5.5,8.9,7.5,7.4,8.3,8.0,460,1500,808,0.2,3.6,1.8,0.1,7.6,2.1,500,1600,890,900,1600,1460
1181,"KRISHNAAT D/S OF NARAYANPURA
DAM,KARNATAKA",KARNATAKA,27.0,33.0,29.3,5.1,8.3,5.9,7.7,8.7,8.3,350,740,521,0.2,2.1,1.5,0,0.97,0.4,280,900,518,900,1600,1110
1170,"KRISHNAAT D/S OF DEVASAGAR
BDG.,KARNATAKA",KARNATAKA,26.0,32.0,29.4,6.8,7.8,7.2,8.1,8.5,8.3,410,1161,916,1.0,2.5,1.9,0.1,0.532,0.2,300,1600,792,900,1600,1483
1028,"KRISHNAAT TINTINI BRIDGE, KARNATAKA",KARNATAKA,28.0,31.0,29.5,6.8,7.4,7.1,7.4,8.6,8.2,405,887,718,1.5,2.2,1.9,0.1,0.32,0.2,180,900,538,500,1600,1100
2781,"KRISHNAAT D/S OF ALAMATTI DAM,
KARNATAKA",KARNATAKA,26.0,33.0,29.2,5.1,8.1,6.2,8.0,8.7,8.3,380,680,513,0.2,2.0,1.4,0,1.9,0.5,280,900,678,900,1600,1250
1784,"THANGADI , MAHABOOBNAGAR DIST., A.P",ANDHRA PRADESH,0.0,31.0,17.6,2.2,6.8,5.3,7.6,8.4,8.1,679,1069,874,8.0,12.0,10.5,0,0,0,,,,,,
1175,"KRISHNAAFTER CONFL. WITH
TUNGABHADRA, SANGAMESHWARAM A.P.",ANDHRA PRADESH,24.0,29.0,26.0,6.1,7.1,6.7,7.9,8.4,8.1,490,908,791,2.1,3.1,2.6,1,4.4,2,20,40,28,580,700,611
39,"KRISHNAAT GADWAL BRIDGE, A.P.",ANDHRA PRADESH,0.0,30.0,17.2,1.6,6.9,5.6,7.6,8.4,8.1,634,1081,870,6.0,14.0,9.5,0,0,0,,,,,,
1465,"KRISHNAAT WADAPALLY AFTER CONFL. WITH
R. MUSI, A.P.(SHIFTED FROM 1220)",ANDHRA PRADESH,25.0,32.0,28.4,4.2,6.4,5.7,8.5,9.1,8.7,383,1540,1072,1.0,2.9,1.6,0.3,2,1.2,10,12,11,80,138,122
1786,"VEDADRI , GUNTUR DIST., A.P",ANDHRA PRADESH,20.0,28.0,24.9,6.1,7.5,6.8,7.0,8.7,7.9,531,817,726,0.6,1.1,0.9,0.4,0.8,0.6,2,2,2,1300,2200,1875
1787,"AMARAVATI , GUNTUR DIST., A.P",ANDHRA PRADESH,26.0,32.0,27.6,6.5,7.6,7.0,7.1,8.5,7.8,610,773,669,0.5,0.7,0.6,0.3,0.6,0.4,2,2,2,1300,2200,1613
25,"KRISHNAAT VIJAYWADA, A.P.",ANDHRA PRADESH,22.0,28.0,25.8,6.8,7.4,7.2,7.1,8.6,8.0,568,798,669,0.5,1.0,0.7,0.46,0.82,0.7,2,2,2,1100,2100,1750
3083,"KRISHNA D/S OF SRISHAILAM, KURNOOL, A.P.",ANDHRA PRADESH,24.0,33.0,28.4,6.3,7.1,6.8,8.0,8.4,8.2,480,951,818,2.7,3.3,2.9,1,4.3,2,20,80,36,420,1680,860
https://cpcb.nic.in/wqm/2014/RIVERWATER DATA 2014_24.htm,1/2,,,,,,,,,,,,,,,,,,,,,,,,,
"7/19/23, 11:17 AM",cpcb.nic.in/wqm/2014/RIVERWATER DATA 2014_24.htm,,,,,,,,,,,,,,,,,,,,,,,,,
,ESTUARINE ZONE,,,,,,,,,,,,,,,,,,,,,,,,,
1782,"HAMSALA DEEVI , GUNTUR DIST, A.P",ANDHRA PRADESH,23.0,28.0,26.0,4.8,6.5,5.5,7.4,8.3,7.6,1910,33200,14804,0.5,1.0,0.7,0.4,0.9,0.7,2,2,2,900,2200,1450
https://cpcb.nic.in/wqm/2014/RIVERWATER DATA 2014_24.htm,2/2,,,,,,,,,,,,,,,,,,,,,,,,,
"7/19/23, 11:15 AM",cpcb.nic.in/wqm/2014/RIVERWATER DATA 2014_17.htm,,,,,,,,,,,,,,,,,,,,,,,,,
WATER QUALITY DATA 2014 | CPCB ENVIS ,,,,,,,,,,,,,,,,,,,,,,,,,,
WATER QUALITY OF RIVER MAHANADI - 2014,,,,,,,,,,,,,,,,,,,,,,,,,,
"STATION
CODE",LOCATIONS,STATE,TEMPERATURE ºC,,,,D.O. (mg/l),,,pH,,"CONDUCTIVITY
(µmhos/cm)",,,B.O.D. (mg/l),,,"NITRATE- N+
NITRITE-N (mg/l)",,,"FECAL COLIFORM
(MPN/100ml)",,,"TOTAL COLIFORM
(MPN/100ml)",,
,,,Min,Max,Mean,Min,Max,Mean,Min,Max,Mean,Min,Max,Mean,Min,Max,Mean,Min,Max,Mean,Min,Max,Mean,Min,Max,Mean
,WATER QUALITY CRITERIA,,,,,,> 4 mg/l,,,6.5-8.5,,,,,< 3 mg/l,,,,,,< 2500 MPN/100ml,,,< 5000 MPN/100ml,,
1851,MAHANADI AT SIHAWA,CHHATTISGARH,23.4,28.5,26.0,7.6,9.2,8.4,7.4,7.8,7.6,175,416,296,0.8,2.2,1.5,0,0,0,,,,17,350,184
1264,"MAHANADI AT RUDRI U/S AT DHAMTORI
RESERVOIR,CHHATISSGARH",CHHATTISGARH,23.6,29.0,26.3,6.8,8.5,7.7,7.7,7.9,7.8,210,580,402,1.0,2.8,2.1,0,0,0,,,,27,500,228
1099,"MAHANADI AT U/S OF RAJIM, CHHATISSGARH.",CHHATTISGARH,25.8,34.0,29.3,7.4,7.9,7.7,7.5,7.9,7.7,232,554,326,1.2,2.6,1.7,0,0,0,,,,40,500,145
1852,"MAHANADI AT ARRANG, RAIPUR",CHHATTISGARH,23.8,28.0,25.9,7.6,8.6,8.1,7.5,7.6,7.6,195,551,373,1.2,2.7,2.0,0,0,0,,,,80,500,290
1100,MAHANADI AT KHARAD CHHATISSGARH.,CHHATTISGARH,23.0,37.0,28.4,6.0,10.4,7.8,7.5,8.0,7.6,264,400,312,,,,0.256,2.524,1,,,,16,688,179
1282,"MAHANADI AT SHEORINARAYAN VILLAGE,
CHHATISSGARH.",CHHATTISGARH,23.9,30.0,28.0,6.0,8.0,6.8,8.0,8.0,8.0,270,380,332,,,,0.2,2.031,0.9,,,,162,580,321
1467,"MAHANADI AFTER CONFL. WITH RIVER
MAND,CHHATISSGARH",CHHATTISGARH,23.0,36.0,28.2,7.0,8.5,7.8,7.5,8.0,7.6,264,400,320,,,,0.5,1.5,0.9,,,,19,690,180
1101,"MAHANADI AT INTERSTATE BOUNDRY
CHHATISSGARH.",CHHATTISGARH,20.0,27.0,22.3,7.1,7.6,7.3,7.4,7.8,7.5,194,302,242,0.9,2.1,1.3,1,1.394,1.1,,,,43,1100,322
1281,"MAHANADI AT HIRAKUD RESERVOIR, ODISHA",ODISHA,20.0,35.0,27.8,6.5,8.3,7.2,7.7,8.2,7.9,138,218,191,0.2,1.3,0.7,0.3,1.486,0.6,110,5400,1168,330,16000,3879
1270,"MAHANADI AT SAMBALPUR U/S, ODISHA",ODISHA,20.0,35.0,27.8,4.9,8.6,7.4,7.4,8.4,7.9,131,235,200,0.5,1.8,1.1,0.2,0.871,0.5,1300,35000,5910,2400,92000,15110
1271,"MAHANADI AT SAMBALPUR D/S, ODISHA",ODISHA,20.0,35.0,28.3,4.7,11.5,7.1,6.9,8.4,8.0,148,240,209,1.2,3.9,2.7,0.3,1.801,0.7,7900,35000,20690,13000,92000,38000
2405,SAMBHALPUR FDS AT HUMA,ODISHA,22.0,36.0,30.0,6.3,8.4,7.3,7.4,8.3,8.0,142,305,212,0.8,2.6,1.6,0.1,0.8,0.4,330,11000,1996,1300,17000,4030
1272,"MAHANADI D/S (AFTER CONFL. WITH R. ONG
SONEPUR U/S), ODISHA",ODISHA,22.0,36.0,30.1,6.9,8.3,7.6,7.1,8.4,8.0,146,253,204,0.2,1.1,0.7,0.1,1.118,0.4,110,2800,506,220,9200,1626
1274,"MAHANADI AFTER CONFL. WITH R.TEL
(SONEPUR D/S),ODISHA",ODISHA,22.0,37.0,30.0,7.2,8.5,7.8,7.6,8.4,8.1,172,268,222,0.4,1.9,1.0,0.2,1.99,0.6,110,2400,896,490,5400,2717
1275,"MAHANADI AT TIKARPADA, ODISHA",ODISHA,20.0,37.0,30.1,6.9,8.5,7.9,7.2,8.3,8.0,161,229,197,0.3,0.8,0.6,0.1,1.317,0.5,78,13000,2157,230,17000,3473
1276,"MAHANADI AT NARSINGHPUR, ODISHA",ODISHA,26.0,35.0,29.2,6.3,8.7,7.3,7.8,8.4,8.1,148,226,195,0.2,1.4,0.7,0.1,1.725,0.6,330,160000,19311,790,160000,24299
1277,"MAHANADI AT CUTTACK U/S, ODISHA",ODISHA,23.0,34.0,27.2,6.5,8.8,7.9,7.5,8.5,7.9,138,228,178,0.7,1.5,1.0,0.1,1.71,0.5,330,9200,1979,790,16000,4759
1278,"MAHANADI AT CUTTACK D/S, ODISHA",ODISHA,22.0,34.0,27.6,5.9,8.4,7.2,7.5,8.4,7.9,140,261,203,1.7,2.5,2.2,0.2,2.204,0.8,11000,92000,37900,22000,160000,65200
2409,CUTTACK FDS (SERUA) AT SANKHATRASA,ODISHA,21.0,33.0,26.6,2.0,7.8,6.2,7.3,8.2,7.7,142,398,241,1.3,17.3,4.0,0.3,3.9,1.4,1700,160000,31230,5400,160000,48240
2406,"MUNDALI(WATER INTAKE POINT OF
BHUBANESWAR CITY",ODISHA,25.0,33.0,27.9,6.3,8.6,7.3,7.4,8.4,8.0,136,228,197,0.4,1.5,0.8,0.1,1.3,0.5,110,160000,18340,460,160000,21455
2404,POWER CHANNEL D/S NEAR BURLA,ODISHA,20.0,35.0,27.7,4.5,8.4,6.6,7.3,8.4,7.8,160,241,200,0.3,0.9,0.8,0.3,1.8,0.7,78,9200,1574,140,16000,3046
ESTUARINE ZONE,,,,,,,,,,,,,,,,,,,,,,,,,,
2407,"PARADEEP U/S (BEFORE INDUSTRIAL
ACTIVITY AT PARADEEP)",ODISHA,23.0,34.0,27.9,5.7,8.8,7.0,7.3,8.4,7.9,146,15040,4053,0.5,2.0,1.3,0.2,3.4,1,170,22000,5205,490,92000,16689
https://cpcb.nic.in/wqm/2014/RIVERWATER DATA 2014_17.htm,1/2,,,,,,,,,,,,,,,,,,,,,,,,,
"7/19/23, 11:15 AM",cpcb.nic.in/wqm/2014/RIVERWATER DATA 2014_17.htm,,,,,,,,,,,,,,,,,,,,,,,,,
1639,"MAHANADI AT PARADEEPD/S, ODISHA",ODISHA,24.0,34.0,28.3,5.7,7.7,6.6,7.3,8.2,7.8,190,38730,17325,0.8,2.7,1.5,0.4,4.9,1.5,45,11000,3516,230,22000,8292
https://cpcb.nic.in/wqm/2014/RIVERWATER DATA 2014_17.htm,2/2,,,,,,,,,,,,,,,,,,,,,,,,,
"7/19/23, 11:14 AM",cpcb.nic.in/wqm/2014/RIVERWATER DATA 2014_2.htm,,,,,,,,,,,,,,,,,,,,,,,,,
WATER QUALITY DATA 2014 | CPCB ENVIS ,,,,,,,,,,,,,,,,,,,,,,,,,,
WATER QUALITY OF RIVER SATLUJ - 2014,,,,,,,,,,,,,,,,,,,,,,,,,,
"STATION
CODE",LOCATIONS,STATE,TEMPERATURE ºC,,,,D.O. (mg/l),,,pH,,"CONDUCTIVITY
(µmhos/cm)",,,B.O.D. (mg/l),,,"NITRATE- N+
NITRITE-N (mg/l)",,,"FECAL COLIFORM
(MPN/100ml)",,,"TOTAL COLIFORM
(MPN/100ml)",,
,,,Min,Max,Mean,Min,Max,Mean,Min,Max,Mean,Min,Max,Mean,Min,Max,Mean,Min,Max,Mean,Min,Max,Mean,Min,Max,Mean
WATER QUALITY CRITERIA,,,,,,,> 4 mg/l,,,6.5-8.5,,,,,< 3 mg/l,,,,,,< 2500 MPN/100ml,,,< 5000 MPN/100ml,,
1867,"SATLUJ B/C WITH RIVER SPITI
AT KHAB, DISTT.KINNAUR, H.P.",HIMACHAL PRADESH,5.0,11.0,8.7,9.6,10.1,9.9,7.8,8.7,8.3,126,983,330,0.1,0.7,0.2,0,0.5,0.2,14,49,30,63,280,144
2611,SATLUJ AT KHAB,HIMACHAL PRADESH,5.0,11.0,8.7,9.6,10.1,9.9,7.7,8.8,8.2,116,1080,346,0.1,0.2,0.1,0,0.5,0.2,13,33,23,49,180,112
1389,"SATLUJ AT NEPTHA ZAKHAI, H.P",HIMACHAL PRADESH,10.0,17.0,12.1,9.3,9.7,9.5,7.6,8.7,8.2,145,778,305,0.1,1.2,0.2,0,0.6,0.3,13,70,35,79,240,149
1086,"SATLUJ AT U/S RAMPUR, H.P.",HIMACHAL PRADESH,11.0,16.0,13.4,9.1,9.6,9.4,7.6,8.5,8.1,128,842,261,0.1,0.3,0.2,0.067,0.436,0.2,27,110,52,140,350,263
1087,"SATLUJ AT D/S RAMPUR, H.P.",HIMACHAL PRADESH,11.0,16.0,13.3,9.2,9.6,9.4,7.5,8.6,8.1,104,784,251,0.1,0.4,0.2,0,0.621,0.2,46,140,80,170,540,353
1013,"SATLUJ AT U/S TATAPANI, H.P.",HIMACHAL PRADESH,12.0,16.0,13.7,9.2,9.5,9.4,7.4,8.6,8.0,121,766,257,0.1,0.3,0.2,0.024,0.484,0.2,23,94,49,180,350,241
1014,"SATLUJ AT U/S SLAPPER, H.P.",HIMACHAL PRADESH,6.0,24.0,12.2,8.4,9.6,9.2,7.3,8.7,8.1,124,365,245,0.1,0.4,0.2,0,0.621,0.4,23,79,54,130,350,217
1015,"SATLUJ AT D/S SLAPPER, H.P.",HIMACHAL PRADESH,6.0,24.0,12.2,8.3,9.8,9.2,7.6,8.7,8.1,109,357,204,0.1,1.2,0.3,0,0.955,0.5,26,94,64,170,540,269
1016,"SATLUJ AT D/S BHAKHRA, H.P.",HIMACHAL PRADESH,4.0,20.0,15.0,6.0,11.0,7.6,6.9,9.7,8.5,96,265,208,0.2,0.8,0.4,0.17,0.78,0.4,,,,,,
1017,"SATLUJ AT 100M U/S OF
HEADWORKS, NANGAL,
PUNJAB",PUNJAB,10.0,26.0,19.0,8.6,8.8,8.7,7.5,7.8,7.6,254,266,261,,,,0.8,1,0.9,30,70,50,46,150,82
1018,"SATLUJ AT 100M D/S
,NANGAL,PUNJAB",PUNJAB,11.0,26.0,18.7,7.6,8.0,7.8,7.5,8.5,8.1,256,298,283,1.0,1.0,1.0,1,1.2,1.1,280,750,515,110,1100,557
1293,"SATLUJ AT 1 KM. D/S OF
ZENITH, PUNJAB",PUNJAB,12.0,28.0,20.0,6.8,8.2,7.7,6.9,7.9,7.5,260,308,281,1.0,2.0,1.5,1.4,1.6,1.5,1100,1500,1333,2000,2300,2133
1814,"SATLUJ AT D/S KIRATPUR
SAHIB, PUNJAB",PUNJAB,10.0,26.0,18.0,8.0,8.4,8.2,7.6,8.3,8.0,263,275,269,0.3,1.0,0.7,0.9,1.2,1,50,300,193,350,500,437
1019,"SATLUJ AT U/S HEAD WORKS
ROPAR, PUNJAB",PUNJAB,11.0,27.0,20.0,8.4,8.6,8.5,7.1,7.9,7.6,242,270,256,0.3,1.2,0.8,1.1,1.2,1.2,50,500,337,500,930,710
1380,"SATLUJ AT D/S NFL, PUNJAB",PUNJAB,10.0,25.0,19.0,8.0,8.4,8.2,7.4,8.3,7.9,268,310,283,0.9,0.9,0.9,1.1,1.2,1.2,40,140,97,390,400,397
1690,"SATLUJ AT U/S BUDHA NALLAH
(UPPER), PUNJAB",PUNJAB,13.0,29.0,19.7,6.8,7.6,7.1,7.3,7.7,7.5,369,396,385,1.6,2.4,2.0,1,1,1,90,350,247,500,630,560
,SATLUJ AT 100M D/S BUDHA,,,,,,,,,,,,,,,,,,,,,,,,,
1020,"NALA CONFL., LUDHIANA,
PUNJAB",PUNJAB,10.0,28.0,16.7,4.0,4.4,4.2,6.8,7.3,7.1,574,846,671,6.2,15.0,11.1,2.2,3.6,2.7,2000,46000,29333,10000,75000,51667
,SATLUJ AT BOAT BDG.,,,,,,,,,,,,,,,,,,,,,,,,,
1021,"DHARMKOTNAKODAR ROAD,
JALANDHAR, PUNJAB",PUNJAB,12.0,28.0,19.3,4.4,6.3,5.3,6.7,7.4,7.0,520,534,525,2.8,9.0,5.9,1.8,3,2.5,2000,15000,10333,8000,30000,22000
1381,"SATLUJ AT D/S EAST BASIN,
PUNJAB",PUNJAB,13.0,24.0,17.0,2.4,3.2,2.7,6.6,7.9,7.2,714,780,751,6.0,7.9,7.2,4,4.8,4.4,3500,4600,4033,7500,20000,11667
https://cpcb.nic.in/wqm/2014/RIVERWATER DATA 2014_2.htm,1/2,,,,,,,,,,,,,,,,,,,,,,,,,
"7/19/23, 11:14 AM",cpcb.nic.in/wqm/2014/RIVERWATER DATA 2014_2.htm,,,,,,,,,,,,,,,,,,,,,,,,,
1691,"SATLUJ AT U/S HUSSANIWALA -
H/W FEROZEPUR, PUNJAB",PUNJAB,12.0,31.0,18.3,7.4,8.4,8.0,7.3,8.2,7.7,224,266,249,0.3,1.2,0.8,0.8,1.2,1,50,150,107,350,400,383
1692,"SATLUJ AT D/S HUSSANIWALA-
H/W FEROZEPUR, PUNJAB",PUNJAB,12.0,30.0,21.3,7.2,8.3,7.9,7.1,8.0,7.6,226,273,257,0.4,1.3,0.8,0.8,1.2,1,50,210,153,400,460,430
1022,"SATLUJ AT BRIDGE HARIKE,
AMRITSAR, PUNJAB",PUNJAB,12.0,23.0,16.3,4.8,6.0,5.6,7.2,7.4,7.3,342,356,350,1.2,3.3,2.4,1.2,3.2,2.4,460,500,487,900,2000,1277
https://cpcb.nic.in/wqm/2014/RIVERWATER DATA 2014_2.htm,2/2,,,,,,,,,,,,,,,,,,,,,,,,,
"7/19/23, 11:14 AM",cpcb.nic.in/wqm/2014/RIVERWATER DATA 2014_6.htm,,,,,,,,,,,,,,,,,,,,,,,,,
WATER QUALITY DATA 2014 | CPCB ENVIS ,,,,,,,,,,,,,,,,,,,,,,,,,,
WATER QUALITY OF RIVER YAMUNA - 2014,,,,,,,,,,,,,,,,,,,,,,,,,,
"STATION
CODE",LOCATIONS,STATE,TEMPERATURE ºC,,,,D.O. (mg/l),,,pH,,"CONDUCTIVITY
(µmhos/cm)",,,B.O.D. (mg/l),,,"NITRATE- N+
NITRITE-N (mg/l)",,,FECAL COLIFORM (MPN/100ml),,,TOTAL COLIFORM (MPN/100ml),,
,,,Min,Max,Mean,Min,Max,Mean,Min,Max,Mean,Min,Max,Mean,Min,Max,Mean,Min,Max,Mean,Min,Max,Mean,Min,Max,Mean
,WATER QUALITY CRITERIA,,,,,,> 4 mg/l,,,6.5-8.5,,,,,,< 3 mg/l,,,,,,< 2500 MPN/100ml,,,< 5000 MPN/100ml,
1494,"YAMUNAAT U/S OF LAKHWAR DAM, U.P",UTTARAKHAND,18.0,21.0,19.7,4.2,8.4,6.5,8.0,8.3,8.2,,,,0.8,1.4,1.1,0,0,0,7900,7900,7900,35000,35000,35000
1490,"YAMUNAAT U/S DAK PATTHAR, UTTAR
PARDESH",UTTARAKHAND,17.0,21.0,18.7,6.6,8.4,7.7,8.1,8.3,8.2,,,,1.2,1.4,1.3,0,0,0,1100,1100,1100,17,13000,6509
1553,"YAMUNA , U/S PAONTA SAHIB, H.P",HIMACHAL PRADESH,15.0,28.0,22.3,6.4,8.4,7.7,6.4,8.4,7.5,196,652,465,0.8,1.6,1.2,0.1,0.6,0.2,7,11,9,18,21,19
1554,"YAMUNA , D/S PAONTA SAHIB, H.P",HIMACHAL PRADESH,17.0,29.0,23.7,5.8,8.2,7.5,6.6,8.8,7.8,112,651,331,1.0,1.8,1.5,0.1,0.6,0.2,8,16,11,17,24,21
1120,"YAMUNAAT WAZIRABAD, DELHI, CPCB",DELHI,,,,6.4,12.8,9.3,7.2,8.3,7.6,,,,1.0,5.0,2.4,,,,,,,450,43000,10003
1121,"YAMUNAAT NIZAMUDDIN, DELHI",DELHI,,,,0.3,2.8,1.2,7.1,7.6,7.5,,,,4.0,36.0,17.2,1.1,17.5,9.0,,,,330000,54000000,12010833
1375,"YAMUNAAT OKHLA BRIDGE (INLET OF AGRA
CANAL), DELHI",DELHI,,,,0.4,3.0,1.4,7.1,8.1,7.6,,,,5.0,37.0,17.3,1.1,15.9,9.2,,,,450000,160000000,23816667
2495,"YAMUNAAT KESIGHAT, VRINDAVAN",UTTAR PRADESH,14.0,34.0,25.0,2.0,6.5,4.0,7.4,8.0,7.7,104,648,196,6.4,12.6,8.3,0,0,0,31000,93000,43546,63000,90000,73727
1123,"YAMUNAAT MATHURA U/S , U.P.",DELHI,,,,,,,,,,,,,,,,0,0,0,23000,23000,23000,33000,33000,33000
2494,"YAMUNAAT VISHRAMGHAT, MATHURA",UTTAR PRADESH,15.0,33.0,25.0,1.5,6.4,3.7,7.2,7.9,7.5,108,996,273,7.6,14.4,9.2,0,0,0,28000,78000,53546,57000,180000,117273
1124,"YAMUNAAT MATHURA D/S , U.P.",DELHI,,,,,,,,,,,,,,,,0,0,0,150000,150000,150000,240000,240000,240000
1125,"YAMUNAAT AGRA U/S, U.P.",UTTAR PRADESH,,,,,,,,,,,,,,,,0,0,0,3500,4900,4200,5400,13000,9200
1126,"YAMUNAAT D/S OF AGRA, U.P.",UTTAR PRADESH,,,,,,,,,,,,,,,,0,0,0,24000,540000,282000,35000,920000,477500
2493,YAMUNAAT SHAHPUR,UTTAR PRADESH,14.0,33.0,25.3,3.2,6.6,4.5,7.0,7.7,7.5,109,894,281,5.4,9.6,7.0,0,0,0,22000,70000,34818,43000,180000,65000
1498,"YAMUNAAT BATESWAR, U.P","CPCB, DELHI",,,,,,,,,,,,,,,,0,0,0,2200,2200,2200,3200,3200,3200
1127,"YAMUNAAT ETAWAH, U.P.","CPCB, DELHI",,,,,,,,,,,,,,,,0,0,0,4900,4900,4900,11000,11000,11000
1499,"YAMUNAAT JUHIKA B/C WITH CHANBAL,
ETAWAH, U.P","CPCB, DELHI",,,,,,,,,,,,,,,,0,0,0,2300,2300,2300,7000,7000,7000
1069,"YAMUNAAT ALLAHABAD D/S (BALUA GHAT),
U.P",UTTAR PRADESH,19.8,26.4,24.8,7.8,8.4,8.1,8.1,8.4,8.2,424,591,522,2.1,2.5,2.4,1.38,1.98,1.8,1100,11000,2875,2600,21000,5975
1812,"YAMUNAAT OKHLAAFTER MEETING OF
SHAHDARA DRAIN, DELHI",DELHI,,,,0.8,2.9,1.4,7.0,7.9,7.5,,,,9.0,79.0,38.2,,,,,,,330000,160000000,18580000
https://cpcb.nic.in/wqm/2014/RIVERWATER DATA 2014_6.htm,1/1,,,,,,,,,,,,,,,,,,,,,,,,,
